Trial,Elapsed_Time_Sec,Angle_Deg
1,0.002,0.70
1,0.036,0.99
1,0.069,1.09
1,0.103,1.19
1,0.137,1.29
1,0.174,1.38
1,0.207,1.48
1,0.241,1.55
1,0.275,1.66
1,0.310,1.69
1,0.345,1.64
1,0.379,1.61
1,0.413,1.58
1,0.446,1.56
1,0.481,1.55
1,0.515,1.50
1,0.550,1.44
1,0.584,1.42
1,0.618,1.44
1,0.652,1.49
1,0.686,1.57
1,0.719,1.59
1,0.753,1.62
1,0.786,1.62
1,0.820,1.60
1,0.854,1.59
1,0.887,1.57
1,0.921,1.57
1,0.955,1.59
1,0.990,1.60
1,1.024,1.72
1,1.057,1.85
1,1.090,2.01
1,1.125,2.14
1,1.160,2.29
1,1.194,2.43
1,1.229,2.60
1,1.262,2.77
1,1.296,3.00
1,1.331,3.19
1,1.364,3.39
1,1.398,3.59
1,1.432,3.78
1,1.466,3.99
1,1.500,4.09
1,1.536,4.36
1,1.569,4.61
1,1.604,5.12
1,1.638,5.18
1,1.673,5.57
1,1.708,6.01
1,1.741,6.60
1,1.776,7.06
1,1.809,7.44
1,1.844,7.80
1,1.878,8.49
1,1.911,8.91
1,1.944,9.30
1,1.978,9.69
1,2.012,10.09
1,2.045,10.16
1,2.079,10.53
1,2.113,10.97
1,2.148,11.37
1,2.182,12.15
1,2.217,12.61
1,2.251,13.05
1,2.285,13.44
1,2.319,13.81
1,2.352,14.15
1,2.386,14.47
1,2.421,14.56
1,2.454,15.05
1,2.488,15.29
1,2.522,15.45
1,2.556,15.50
1,2.589,15.49
1,2.623,15.46
1,2.656,15.31
1,2.691,15.13
1,2.725,14.89
1,2.758,14.58
1,2.792,14.20
1,2.824,13.84
1,2.858,13.71
1,2.892,12.85
1,2.927,12.16
1,2.961,11.38
1,2.995,10.41
1,3.028,9.27
1,3.063,8.05
1,3.097,6.76
1,3.131,5.42
1,3.165,4.04
1,3.199,2.68
1,3.233,1.38
1,3.267,0.08
1,3.302,-1.16
1,3.338,-2.38
1,3.373,-4.13
1,3.408,-5.27
1,3.441,-6.37
1,3.475,-7.43
1,3.508,-8.29
1,3.542,-9.26
1,3.576,-10.20
1,3.612,-10.77
1,3.646,-12.16
1,3.680,-12.92
1,3.714,-13.65
1,3.748,-14.33
1,3.782,-15.12
1,3.815,-15.71
1,3.849,-16.26
1,3.883,-16.79
1,3.916,-17.32
1,3.951,-17.84
1,3.986,-18.34
1,4.020,-18.73
1,4.054,-19.36
1,4.088,-19.86
1,4.122,-20.32
1,4.156,-20.75
1,4.189,-21.21
1,4.224,-21.69
1,4.259,-22.13
1,4.294,-22.58
1,4.329,-23.02
1,4.365,-23.42
1,4.399,-23.98
1,4.432,-24.30
1,4.465,-24.59
1,4.500,-24.83
1,4.533,-25.06
1,4.568,-25.27
1,4.601,-25.44
1,4.638,-25.60
1,4.672,-25.74
1,4.707,-25.83
1,4.743,-25.94
1,4.777,-26.01
1,4.811,-26.08
1,4.845,-26.15
1,4.879,-26.24
1,4.914,-26.35
1,4.950,-26.45
1,4.985,-26.58
1,5.018,-26.66
1,5.052,-26.77
1,5.087,-26.89
1,5.121,-26.95
1,5.156,-27.00
1,5.190,-27.07
1,5.222,-27.16
1,5.256,-27.24
1,5.291,-27.29
1,5.326,-27.36
1,5.361,-27.41
1,5.395,-27.43
1,5.429,-27.47
1,5.463,-27.50
1,5.496,-27.56
1,5.531,-27.61
1,5.564,-27.69
1,5.599,-27.74
1,5.632,-27.78
1,5.667,-27.83
1,5.700,-27.84
1,5.735,-27.86
1,5.769,-27.86
1,5.804,-27.87
1,5.838,-27.78
1,5.872,-27.85
1,5.905,-27.95
1,5.939,-28.04
1,5.974,-28.11
1,6.007,-28.19
1,6.041,-28.25
1,6.075,-28.34
1,6.109,-28.31
1,6.143,-28.33
1,6.177,-28.35
1,6.212,-28.35
1,6.246,-28.40
1,6.279,-28.42
1,6.312,-28.47
1,6.345,-28.53
1,6.380,-28.57
1,6.412,-28.63
1,6.448,-28.72
1,6.482,-28.82
1,6.517,-28.91
1,6.551,-29.06
1,6.584,-29.13
1,6.618,-29.21
1,6.651,-29.28
1,6.685,-29.31
1,6.719,-29.31
1,6.752,-29.33
1,6.786,-29.31
1,6.819,-29.33
1,6.853,-29.43
1,6.887,-29.45
1,6.922,-29.48
1,6.955,-29.47
1,6.990,-29.45
1,7.023,-29.47
1,7.056,-29.50
1,7.090,-29.52
1,7.125,-29.54
1,7.159,-29.57
1,7.194,-29.58
1,7.227,-29.57
1,7.261,-29.56
1,7.296,-29.55
1,7.330,-29.54
1,7.363,-29.58
1,7.396,-29.60
1,7.429,-29.61
1,7.463,-29.64
1,7.497,-29.65
1,7.530,-29.66
1,7.564,-29.69
1,7.599,-29.74
1,7.633,-29.79
1,7.667,-29.84
1,7.703,-29.89
1,7.738,-29.91
1,7.773,-29.90
1,7.807,-29.94
1,7.841,-29.85
1,7.874,-29.78
1,7.910,-29.73
1,7.944,-29.59
1,7.979,-29.59
1,8.014,-29.38
1,8.048,-29.37
1,8.082,-29.17
1,8.117,-29.08
1,8.151,-28.97
1,8.185,-28.87
1,8.218,-28.78
1,8.251,-28.76
1,8.285,-28.81
1,8.320,-28.88
1,8.353,-28.95
1,8.388,-29.09
1,8.422,-29.10
1,8.456,-29.17
1,8.489,-29.26
1,8.524,-29.53
1,8.557,-29.71
1,8.591,-29.83
1,8.624,-29.83
1,8.658,-29.97
1,8.695,-30.13
1,8.731,-30.30
1,8.765,-30.58
1,8.798,-30.75
1,8.832,-30.97
1,8.866,-31.16
1,8.900,-31.37
1,8.934,-31.57
1,8.967,-31.71
1,9.001,-31.88
1,9.037,-32.04
1,9.070,-32.21
1,9.105,-32.35
1,9.141,-32.42
1,9.175,-32.47
1,9.209,-32.44
1,9.244,-32.35
1,9.277,-32.21
1,9.311,-32.02
1,9.346,-31.72
1,9.380,-31.35
1,9.414,-30.64
1,9.447,-30.09
1,9.482,-29.45
1,9.515,-28.80
1,9.548,-28.46
1,9.583,-27.37
1,9.616,-26.63
1,9.650,-25.87
1,9.683,-25.10
1,9.717,-24.09
1,9.751,-23.39
1,9.785,-22.65
1,9.819,-21.92
1,9.852,-21.16
1,9.886,-20.37
1,9.921,-19.62
1,9.955,-19.07
1,9.989,-18.11
1,10.024,-17.35
1,10.058,-16.58
1,10.092,-15.79
1,10.126,-14.90
1,10.161,-13.97
1,10.194,-13.01
1,10.228,-12.02
1,10.263,-10.99
1,10.297,-9.94
1,10.332,-8.91
1,10.365,-7.27
1,10.399,-6.40
1,10.434,-5.59
1,10.467,-4.87
1,10.500,-4.18
1,10.535,-4.00
1,10.568,-3.38
1,10.604,-2.87
1,10.639,-2.10
1,10.673,-1.64
1,10.706,-1.24
1,10.741,-0.84
1,10.775,-0.48
1,10.810,-0.17
1,10.844,0.11
1,10.878,0.40
1,10.912,0.70
1,10.945,0.98
1,10.979,1.26
1,11.014,1.46
1,11.049,1.64
1,11.083,1.79
1,11.116,2.05
1,11.151,2.14
1,11.185,2.14
1,11.219,2.18
1,11.254,2.22
1,11.288,2.21
1,11.322,2.18
1,11.357,2.08
1,11.390,2.02
1,11.424,1.97
1,11.458,1.91
1,11.491,1.83
1,11.525,1.74
1,11.558,1.68
1,11.592,1.64
1,11.625,1.62
1,11.659,1.67
1,11.693,1.72
1,11.728,1.78
1,11.763,1.83
1,11.798,1.91
1,11.833,2.02
1,11.868,2.19
1,11.902,2.41
1,11.935,2.64
1,11.970,2.90
1,12.004,3.15
1,12.037,3.41
1,12.071,3.66
1,12.106,3.91
1,12.141,4.32
1,12.176,4.37
1,12.209,4.76
1,12.243,4.95
1,12.277,5.14
1,12.312,5.28
1,12.346,5.46
1,12.380,5.62
1,12.414,5.79
1,12.448,5.98
1,12.481,6.12
1,12.516,6.22
1,12.551,6.29
1,12.585,6.38
1,12.618,6.40
1,12.652,6.42
1,12.686,6.40
1,12.720,6.37
1,12.755,6.37
1,12.789,6.34
1,12.823,6.34
1,12.858,6.32
1,12.891,6.30
1,12.925,6.26
1,12.960,6.23
1,12.994,6.20
1,13.028,6.17
1,13.062,6.14
1,13.095,6.14
1,13.129,6.15
1,13.163,6.19
1,13.197,6.20
1,13.232,6.19
1,13.266,6.23
1,13.299,6.28
1,13.334,6.31
1,13.367,6.32
1,13.402,6.32
1,13.436,6.34
1,13.471,6.38
1,13.506,6.44
1,13.540,6.51
1,13.574,6.60
1,13.609,6.65
1,13.645,6.75
1,13.679,6.76
1,13.714,6.75
1,13.748,6.70
1,13.782,6.60
1,13.817,6.57
1,13.850,6.54
1,13.885,6.52
1,13.919,6.52
1,13.952,6.53
1,13.985,6.57
1,14.019,6.58
1,14.053,6.59
1,14.088,6.59
1,14.122,6.57
1,14.156,6.54
1,14.190,6.55
1,14.224,6.51
1,14.258,6.44
1,14.292,6.41
1,14.327,6.42
1,14.361,6.44
1,14.394,6.49
1,14.429,6.52
1,14.463,6.54
1,14.496,6.55
1,14.530,6.56
1,14.563,6.54
1,14.598,6.53
1,14.632,6.50
1,14.668,6.44
1,14.702,6.38
1,14.736,6.34
1,14.769,6.28
1,14.802,6.23
1,14.836,6.18
1,14.869,6.15
1,14.902,6.09
1,14.935,6.04
1,14.970,5.98
1,15.005,5.96
1,15.040,5.95
1,15.074,5.93
1,15.108,5.91
1,15.141,5.88
1,15.176,5.87
1,15.210,5.84
1,15.245,5.80
1,15.279,5.77
1,15.313,5.75
1,15.347,5.75
1,15.382,5.69
1,15.415,5.65
1,15.449,5.61
1,15.484,5.57
1,15.518,5.55
1,15.551,5.55
1,15.586,5.54
1,15.620,5.52
1,15.654,5.48
1,15.689,5.49
1,15.722,5.50
1,15.755,5.48
1,15.788,5.44
1,15.821,5.42
1,15.854,5.42
1,15.887,5.36
1,15.922,5.35
1,15.957,5.32
1,15.990,5.30
1,16.024,5.27
1,16.058,5.21
1,16.091,5.16
1,16.125,5.15
1,16.159,5.17
1,16.193,5.22
1,16.227,5.29
1,16.260,5.37
1,16.296,5.49
1,16.331,5.59
1,16.365,5.73
1,16.400,5.85
1,16.433,5.98
1,16.466,6.11
1,16.500,6.23
1,16.534,6.35
1,16.568,6.46
1,16.602,6.58
1,16.637,6.77
1,16.671,6.84
1,16.706,6.91
1,16.739,6.99
1,16.773,7.06
1,16.806,7.12
1,16.840,7.19
1,16.873,7.22
1,16.908,7.23
1,16.942,7.24
1,16.975,7.27
1,17.009,7.31
1,17.042,7.36
1,17.076,7.41
1,17.111,7.46
1,17.145,7.49
1,17.179,7.53
1,17.213,7.56
1,17.249,7.59
1,17.283,7.62
1,17.318,7.68
1,17.351,7.71
1,17.386,7.73
1,17.419,7.79
1,17.453,7.82
1,17.486,7.83
1,17.520,7.87
1,17.554,7.92
1,17.587,8.00
1,17.624,8.08
1,17.659,8.11
1,17.694,8.11
1,17.727,8.09
1,17.761,8.04
1,17.795,8.02
1,17.829,8.00
1,17.863,8.02
1,17.898,7.99
1,17.931,7.95
1,17.965,7.91
1,18.000,7.88
1,18.034,7.84
1,18.068,7.75
1,18.102,7.64
1,18.136,7.53
1,18.171,7.44
1,18.205,7.23
1,18.239,7.31
1,18.274,7.21
1,18.307,7.10
1,18.341,6.99
1,18.376,6.84
1,18.412,6.61
1,18.446,5.90
1,18.480,5.51
1,18.514,5.14
1,18.548,4.73
1,18.582,4.30
1,18.617,3.80
1,18.651,3.21
1,18.685,2.65
1,18.719,1.90
1,18.753,1.06
1,18.788,0.12
1,18.822,-1.15
1,18.855,-2.28
1,18.888,-3.42
1,18.921,-4.55
1,18.956,-5.66
1,18.990,-6.76
1,19.024,-7.91
1,19.058,-9.09
1,19.091,-10.01
1,19.126,-11.54
1,19.159,-12.78
1,19.194,-14.00
1,19.228,-16.02
1,19.262,-17.23
1,19.295,-18.44
1,19.329,-19.63
1,19.362,-20.74
1,19.396,-21.82
1,19.430,-22.84
1,19.464,-23.84
1,19.498,-24.83
1,19.532,-25.12
1,19.566,-26.78
1,19.600,-27.77
1,19.633,-28.70
1,19.667,-29.66
1,19.701,-30.57
1,19.735,-31.37
1,19.769,-32.19
1,19.805,-33.00
1,19.840,-33.78
1,19.875,-34.54
1,19.909,-35.28
1,19.943,-35.99
1,19.978,-36.69
1,20.014,-37.35
1,20.048,-38.30
1,20.082,-38.78
1,20.116,-39.33
1,20.150,-39.44
1,20.183,-39.59
1,20.218,-39.66
1,20.251,-39.76
1,20.287,-39.77
1,20.322,-39.73
1,20.357,-39.71
1,20.391,-39.69
1,20.425,-39.68
1,20.460,-39.72
1,20.494,-39.81
1,20.529,-39.89
1,20.562,-39.96
1,20.597,-39.96
1,20.631,-39.93
1,20.665,-39.92
1,20.699,-39.87
1,20.734,-39.81
1,20.768,-39.77
1,20.802,-39.77
1,20.836,-39.76
1,20.871,-39.70
1,20.906,-39.61
1,20.940,-39.50
1,20.974,-39.34
1,21.009,-39.25
1,21.042,-39.18
1,21.077,-39.08
1,21.110,-38.99
1,21.144,-38.91
1,21.180,-38.86
1,21.214,-38.85
1,21.248,-38.91
1,21.281,-39.09
1,21.315,-39.24
1,21.348,-39.45
1,21.382,-39.68
1,21.416,-39.94
1,21.450,-40.15
1,21.485,-40.41
1,21.519,-40.73
1,21.553,-41.01
1,21.588,-41.31
1,21.622,-41.71
1,21.656,-42.01
1,21.689,-42.33
1,21.723,-42.63
1,21.758,-43.13
1,21.791,-43.47
1,21.825,-43.78
1,21.859,-43.95
1,21.893,-44.31
1,21.927,-44.54
1,21.960,-44.73
1,21.994,-44.89
1,22.028,-44.98
1,22.063,-45.00
1,22.096,-45.02
1,22.130,-45.02
1,22.163,-45.10
1,22.197,-45.24
1,22.232,-45.36
1,22.266,-45.51
1,22.300,-45.67
1,22.334,-45.74
1,22.367,-45.75
1,22.402,-45.76
1,22.437,-45.74
1,22.472,-45.74
1,22.506,-45.77
1,22.541,-45.91
1,22.575,-45.89
1,22.609,-45.86
1,22.642,-45.78
1,22.677,-45.68
1,22.712,-45.61
1,22.746,-45.59
1,22.780,-45.45
1,22.814,-45.23
1,22.848,-45.02
1,22.882,-44.74
1,22.915,-44.35
1,22.950,-43.71
1,22.983,-43.08
1,23.017,-42.38
1,23.052,-41.95
1,23.085,-41.16
1,23.120,-40.28
1,23.155,-39.36
1,23.190,-37.95
1,23.224,-36.91
1,23.257,-35.76
1,23.291,-34.56
1,23.325,-32.64
1,23.359,-32.21
1,23.395,-31.08
1,23.428,-30.33
1,23.462,-28.83
1,23.498,-27.71
1,23.531,-26.61
1,23.564,-25.48
1,23.597,-23.39
1,23.631,-22.15
1,23.664,-20.92
1,23.698,-19.70
1,23.732,-18.53
1,23.768,-17.43
1,23.802,-16.35
1,23.837,-15.31
1,23.872,-14.31
1,23.906,-13.34
1,23.940,-12.43
1,23.974,-11.58
1,24.009,-10.75
1,24.043,-9.97
1,24.077,-9.25
1,24.110,-8.57
1,24.146,-7.98
1,24.180,-7.43
1,24.215,-6.87
1,24.249,-6.34
1,24.284,-5.81
1,24.318,-4.95
1,24.352,-4.88
1,24.387,-4.20
1,24.422,-3.83
1,24.455,-3.37
1,24.488,-3.00
1,24.522,-2.65
1,24.556,-2.29
1,24.589,-1.94
1,24.624,-1.77
1,24.657,-1.57
1,24.691,-1.40
1,24.724,-1.32
1,24.759,-1.28
1,24.793,-1.31
1,24.826,-1.37
1,24.860,-1.49
1,24.893,-1.61
1,24.927,-1.74
1,24.961,-1.85
1,24.995,-1.98
1,25.030,-2.13
1,25.063,-2.26
1,25.096,-2.38
1,25.131,-2.51
1,25.165,-2.65
1,25.198,-2.83
1,25.233,-2.93
1,25.267,-3.03
1,25.301,-3.08
1,25.335,-3.16
1,25.369,-3.27
1,25.405,-3.49
1,25.438,-3.61
1,25.472,-3.72
1,25.506,-3.79
1,25.540,-3.83
1,25.574,-3.83
1,25.608,-3.83
1,25.645,-3.82
1,25.679,-3.83
1,25.714,-3.89
1,25.748,-3.90
1,25.783,-3.93
1,25.818,-3.87
1,25.853,-3.83
1,25.889,-3.83
1,25.923,-3.86
1,25.959,-3.93
1,25.993,-3.92
1,26.028,-3.89
1,26.062,-3.83
1,26.097,-3.78
2,0.001,3.89
2,0.035,3.83
2,0.068,3.70
2,0.102,3.69
2,0.136,3.74
2,0.171,3.77
2,0.206,3.74
2,0.241,3.72
2,0.276,3.70
2,0.311,3.75
2,0.345,3.77
2,0.381,3.78
2,0.415,3.83
2,0.449,3.93
2,0.483,3.93
2,0.517,4.12
2,0.550,4.30
2,0.584,4.43
2,0.618,4.66
2,0.652,5.18
2,0.685,5.35
2,0.718,5.57
2,0.752,5.75
2,0.787,5.94
2,0.820,6.02
2,0.855,6.02
2,0.890,6.19
2,0.924,6.40
2,0.959,6.31
2,0.993,6.23
2,1.026,6.16
2,1.060,6.11
2,1.093,6.13
2,1.126,6.23
2,1.160,6.23
2,1.195,6.22
2,1.229,6.10
2,1.264,5.87
2,1.297,5.49
2,1.332,4.92
2,1.365,4.22
2,1.398,3.48
2,1.433,2.83
2,1.468,2.22
2,1.500,1.64
2,1.534,1.13
2,1.569,0.60
2,1.603,0.11
2,1.637,-0.35
2,1.671,-0.76
2,1.705,-1.24
2,1.739,-1.71
2,1.774,-1.96
2,1.809,-1.75
2,1.843,-1.13
2,1.877,-0.28
2,1.912,0.77
2,1.947,3.36
2,1.983,4.60
2,2.017,5.77
2,2.052,5.77
2,2.087,6.80
2,2.120,7.80
2,2.155,9.41
2,2.188,10.02
2,2.221,10.47
2,2.255,10.78
2,2.288,11.05
2,2.323,11.24
2,2.358,11.25
2,2.393,11.13
2,2.427,10.99
2,2.460,10.81
2,2.494,10.61
2,2.529,10.44
2,2.561,10.27
2,2.595,10.00
2,2.631,9.81
2,2.666,9.69
2,2.700,9.58
2,2.734,9.39
2,2.769,9.18
2,2.804,9.09
2,2.838,8.94
2,2.871,8.70
2,2.905,8.52
2,2.940,8.33
2,2.975,8.13
2,3.009,7.96
2,3.043,7.81
2,3.077,7.62
2,3.111,7.49
2,3.145,7.34
2,3.179,7.12
2,3.213,6.67
2,3.248,6.67
2,3.281,6.49
2,3.315,6.30
2,3.349,6.07
2,3.383,5.82
2,3.417,5.54
2,3.452,5.01
2,3.486,4.89
2,3.520,4.67
2,3.555,4.41
2,3.588,4.10
2,3.621,3.85
2,3.655,3.85
2,3.689,3.55
2,3.722,3.19
2,3.756,3.14
2,3.789,3.19
2,3.824,3.28
2,3.857,3.52
2,3.892,3.88
2,3.925,4.17
2,3.959,4.33
2,3.993,4.59
2,4.027,4.87
2,4.060,5.17
2,4.095,5.34
2,4.129,5.45
2,4.162,5.47
2,4.197,5.45
2,4.230,5.44
2,4.264,5.39
2,4.299,5.35
2,4.334,5.21
2,4.368,5.00
2,4.403,4.74
2,4.437,4.44
2,4.471,4.15
2,4.505,3.89
2,4.540,3.59
2,4.575,3.28
2,4.610,3.00
2,4.644,2.75
2,4.679,2.49
2,4.712,2.21
2,4.747,1.83
2,4.781,1.77
2,4.816,1.77
2,4.850,1.72
2,4.884,1.70
2,4.918,1.71
2,4.951,1.79
2,4.986,1.83
2,5.019,1.77
2,5.052,1.66
2,5.086,1.45
2,5.120,1.23
2,5.156,1.08
2,5.190,0.88
2,5.225,0.88
2,5.259,0.32
2,5.293,0.05
2,5.328,-0.30
2,5.362,-0.69
2,5.397,-1.05
2,5.430,-1.35
2,5.463,-1.64
2,5.497,-1.86
2,5.530,-2.11
2,5.563,-2.37
2,5.599,-2.58
2,5.633,-2.83
2,5.668,-3.07
2,5.701,-3.23
2,5.734,-3.42
2,5.768,-3.61
2,5.802,-3.79
2,5.836,-3.93
2,5.869,-4.15
2,5.902,-4.33
2,5.937,-4.49
2,5.970,-4.63
2,6.004,-4.81
2,6.037,-5.05
2,6.072,-5.33
2,6.105,-5.59
2,6.140,-5.88
2,6.176,-6.24
2,6.211,-6.61
2,6.245,-6.97
2,6.278,-7.19
2,6.312,-7.48
2,6.346,-8.00
2,6.381,-8.31
2,6.415,-8.31
2,6.450,-8.61
2,6.485,-8.95
2,6.517,-9.34
2,6.552,-9.75
2,6.586,-10.17
2,6.622,-11.05
2,6.657,-11.59
2,6.691,-12.00
2,6.724,-12.26
2,6.759,-12.38
2,6.792,-12.38
2,6.826,-12.06
2,6.860,-11.41
2,6.893,-10.85
2,6.927,-9.75
2,6.961,-8.39
2,6.994,-6.83
2,7.028,-5.26
2,7.061,-3.90
2,7.095,-2.68
2,7.129,-1.62
2,7.165,-0.73
2,7.199,-0.03
2,7.234,0.50
2,7.269,0.92
2,7.302,1.27
2,7.335,1.58
2,7.369,1.86
2,7.403,2.10
2,7.437,2.33
2,7.472,2.52
2,7.507,2.63
2,7.541,2.67
2,7.576,2.66
2,7.610,2.55
2,7.644,2.40
2,7.679,2.22
2,7.714,2.02
2,7.749,1.77
2,7.783,1.50
2,7.817,1.18
2,7.851,0.81
2,7.886,0.08
2,7.921,-0.25
2,7.956,-0.59
2,7.989,-0.59
2,8.024,-0.83
2,8.058,-1.03
2,8.092,-1.28
2,8.125,-1.31
2,8.158,-1.26
2,8.193,-1.18
2,8.227,-1.06
2,8.261,-0.91
2,8.296,-0.79
2,8.330,-0.67
2,8.364,-0.61
2,8.397,-0.54
2,8.430,-0.50
2,8.463,-0.52
2,8.497,-0.60
2,8.531,-0.73
2,8.564,-0.84
2,8.598,-1.03
2,8.632,-1.24
2,8.666,-1.44
2,8.701,-1.65
2,8.735,-1.86
2,8.770,-2.12
2,8.804,-2.35
2,8.838,-2.53
2,8.871,-2.62
2,8.906,-2.73
2,8.941,-2.79
2,8.977,-2.81
2,9.011,-2.80
2,9.045,-2.78
2,9.079,-2.78
2,9.112,-2.78
2,9.146,-2.78
2,9.181,-2.79
2,9.215,-2.82
2,9.250,-2.84
2,9.285,-2.84
2,9.319,-2.78
2,9.354,-2.77
2,9.388,-2.75
2,9.423,-2.75
2,9.456,-2.76
2,9.490,-2.71
2,9.524,-2.68
2,9.558,-2.64
2,9.593,-2.64
2,9.627,-2.27
2,9.660,-1.99
2,9.694,-1.69
2,9.728,-1.40
2,9.762,-1.15
2,9.797,-0.94
2,9.831,-0.80
2,9.864,-0.67
2,9.899,-0.41
2,9.933,-0.05
2,9.967,0.37
2,10.002,0.94
2,10.037,1.61
2,10.070,2.27
2,10.103,2.87
2,10.137,3.26
2,10.170,3.31
2,10.204,2.99
2,10.237,2.46
2,10.272,1.84
2,10.306,1.18
2,10.339,0.50
2,10.374,-0.19
2,10.408,-0.92
2,10.444,-1.68
2,10.478,-2.38
2,10.514,-3.04
2,10.549,-3.66
2,10.583,-4.21
2,10.618,-4.71
2,10.652,-5.68
2,10.685,-6.18
2,10.718,-6.64
2,10.752,-6.64
2,10.787,-6.97
2,10.820,-7.36
2,10.853,-7.73
2,10.888,-7.98
2,10.921,-8.20
2,10.955,-8.26
2,10.989,-8.44
2,11.022,-8.40
2,11.055,-8.37
2,11.087,-8.38
2,11.121,-8.45
2,11.155,-8.45
2,11.189,-8.52
2,11.222,-8.57
2,11.256,-8.67
2,11.290,-8.71
2,11.325,-9.08
2,11.360,-9.33
2,11.394,-9.56
2,11.428,-9.79
2,11.462,-9.98
2,11.495,-10.12
2,11.528,-10.20
2,11.562,-10.27
2,11.596,-10.33
2,11.631,-10.35
2,11.665,-10.40
2,11.699,-10.46
2,11.733,-10.53
2,11.766,-10.51
2,11.800,-10.56
2,11.834,-10.66
2,11.869,-10.80
2,11.903,-10.94
2,11.938,-11.02
2,11.971,-11.05
2,12.005,-10.94
2,12.039,-10.88
2,12.073,-10.84
2,12.108,-10.80
2,12.142,-10.79
2,12.176,-10.84
2,12.211,-10.88
2,12.247,-10.81
2,12.282,-10.59
2,12.316,-10.08
2,12.350,-10.08
2,12.386,-9.96
2,12.420,-9.83
2,12.454,-9.75
2,12.489,-9.76
2,12.524,-9.85
2,12.558,-9.84
2,12.592,-9.84
2,12.626,-9.83
2,12.659,-9.83
2,12.694,-9.76
2,12.729,-9.74
2,12.762,-9.74
2,12.796,-9.59
2,12.830,-9.61
2,12.863,-9.66
2,12.896,-9.66
3,0.002,4.91
3,0.037,4.85
3,0.072,4.62
3,0.108,4.55
3,0.141,4.49
3,0.175,4.38
3,0.209,4.25
3,0.243,3.68
3,0.277,3.25
3,0.311,2.85
3,0.346,2.38
3,0.380,2.38
3,0.414,1.88
3,0.448,1.39
3,0.483,0.51
3,0.517,0.44
3,0.551,0.39
3,0.586,0.53
3,0.620,0.80
3,0.653,1.21
3,0.688,1.57
3,0.721,1.68
3,0.756,1.66
3,0.790,1.62
3,0.824,1.61
3,0.859,1.47
3,0.892,1.23
3,0.927,1.03
3,0.960,0.86
3,0.993,0.59
3,1.028,0.29
3,1.063,-0.06
3,1.098,-0.36
3,1.132,-0.72
3,1.166,-1.01
3,1.200,-1.01
3,1.233,-0.88
3,1.269,-0.71
3,1.302,-0.58
3,1.337,-0.39
3,1.371,-0.32
3,1.405,-0.24
3,1.439,-0.30
3,1.473,-0.47
3,1.506,-0.61
3,1.540,5.25
3,1.574,5.32
3,1.609,5.35
3,1.644,5.41
3,1.677,5.54
3,1.712,5.70
3,1.746,5.67
3,1.780,5.72
3,1.814,5.79
3,1.848,5.80
3,1.881,5.83
3,1.916,5.66
3,1.950,5.46
3,1.984,5.36
3,2.018,5.14
3,2.051,5.09
3,2.084,5.04
3,2.117,4.98
3,2.151,5.00
3,2.185,4.90
3,2.218,4.83
3,2.251,4.82
3,2.285,4.75
3,2.318,4.86
3,2.352,5.06
3,2.385,5.03
3,2.419,5.24
3,2.452,5.39
3,2.486,5.76
3,2.519,6.40
3,2.555,15.01
3,2.588,22.46
3,2.621,-1.56
3,2.656,-0.95
3,2.689,-0.41
3,2.723,0.22
3,2.758,0.81
3,2.794,1.33
3,2.829,1.81
3,2.862,2.21
3,2.896,2.55
3,2.930,2.88
3,2.965,3.13
3,2.999,3.43
3,3.034,3.64
3,3.069,3.90
3,3.102,4.05
3,3.136,4.14
3,3.169,4.18
3,3.202,4.24
3,3.236,4.27
3,3.271,4.30
3,3.306,4.28
3,3.340,4.31
3,3.377,4.41
3,3.411,4.46
3,3.446,4.56
3,3.479,4.71
3,3.514,4.92
3,3.547,4.92
3,3.582,5.18
3,3.616,5.46
3,3.651,5.99
3,3.686,6.25
3,3.721,6.47
3,3.755,6.67
3,3.790,6.81
3,3.823,6.87
3,3.857,6.87
3,3.892,6.81
3,3.926,6.69
3,3.959,6.51
3,3.993,6.36
3,4.026,6.30
3,4.060,6.30
3,4.094,6.22
3,4.127,6.15
3,4.161,6.15
3,4.196,6.08
3,4.230,5.92
3,4.266,5.87
3,4.299,5.82
3,4.333,5.86
3,4.367,5.92
3,4.401,5.97
3,4.435,6.05
3,4.470,6.09
3,4.505,6.13
3,4.539,6.10
3,4.573,6.11
3,4.607,6.14
3,4.641,6.12
3,4.674,5.93
3,4.709,5.79
3,4.744,5.79
3,4.780,5.85
3,4.814,5.92
3,4.848,6.12
3,4.883,6.19
3,4.917,6.52
3,4.950,6.60
3,4.983,6.70
3,5.016,6.68
3,5.049,6.64
3,5.083,6.59
3,5.116,6.54
3,5.150,6.54
3,5.184,6.51
3,5.219,6.35
3,5.252,6.32
3,5.287,6.33
3,5.321,6.36
3,5.354,6.43
3,5.390,6.48
3,5.424,6.53
3,5.458,6.66
3,5.493,6.68
3,5.528,6.80
3,5.562,6.76
3,5.596,6.46
3,5.630,6.28
3,5.664,5.80
3,5.699,5.22
3,5.733,4.50
3,5.768,3.76
3,5.801,2.93
3,5.835,2.22
3,5.869,1.70
3,5.904,1.41
3,5.938,0.95
3,5.973,0.55
3,6.007,0.21
3,6.041,-0.21
3,6.075,-0.68
3,6.110,-1.36
3,6.144,-1.79
3,6.179,-2.49
3,6.213,-2.92
3,6.248,-3.46
3,6.282,-3.84
3,6.316,-4.01
3,6.350,-4.01
3,6.383,-3.92
3,6.417,-3.67
3,6.451,-2.95
3,6.485,-2.48
3,6.519,-1.91
3,6.553,-1.27
3,6.587,-0.67
3,6.619,-0.35
3,6.652,0.26
3,6.687,0.91
3,6.721,0.91
3,6.755,1.48
3,6.789,2.56
3,6.823,3.14
3,6.858,3.49
3,6.893,3.72
3,6.926,3.88
3,6.959,4.05
3,6.993,4.32
3,7.028,5.10
3,7.064,6.19
3,7.099,7.50
3,7.134,8.91
3,7.168,10.27
3,7.201,11.42
3,7.234,12.43
3,7.268,13.22
3,7.302,13.89
3,7.337,14.56
3,7.372,15.22
3,7.405,15.99
3,7.439,16.82
3,7.474,17.69
3,7.508,18.90
3,7.542,20.48
3,7.576,22.45
3,7.610,24.77
3,7.644,27.84
3,7.678,31.25
3,7.713,34.91
3,7.747,42.52
3,7.781,46.27
3,7.816,49.80
3,7.851,53.14
3,7.885,56.29
3,7.918,56.29
3,7.952,59.24
3,7.986,64.51
3,8.021,66.91
3,8.055,69.11
3,8.089,71.21
3,8.124,73.19
3,8.158,74.94
3,8.191,76.49
3,8.225,77.77
3,8.258,78.86
3,8.292,79.87
3,8.325,80.76
3,8.360,81.58
3,8.394,82.38
3,8.427,83.18
3,8.461,83.94
3,8.494,84.71
3,8.529,85.43
3,8.563,86.14
3,8.598,86.79
3,8.632,87.18
3,8.666,87.55
3,8.700,87.83
3,8.733,88.06
3,8.767,88.27
3,8.800,88.44
3,8.834,88.58
3,8.869,88.52
3,8.904,88.27
3,8.938,87.99
3,8.972,87.83
3,9.007,87.76
3,9.041,87.60
3,9.076,87.24
3,9.111,87.24
3,9.145,87.08
3,9.180,86.91
3,9.214,86.75
3,9.249,86.56
3,9.284,85.96
3,9.318,85.71
3,9.352,85.50
3,9.386,85.27
3,9.418,85.08
3,9.452,84.87
3,9.486,84.53
3,9.520,84.53
3,9.555,83.96
3,9.589,83.65
3,9.623,83.28
3,9.658,83.05
3,9.694,82.85
3,9.729,82.72
3,9.763,82.48
3,9.797,82.27
3,9.830,82.08
3,9.866,81.96
3,9.901,81.79
3,9.935,81.37
3,9.969,80.68
3,10.002,79.67
3,10.036,78.25
3,10.070,76.73
3,10.105,75.00
3,10.139,72.74
3,10.172,69.65
3,10.207,66.29
3,10.240,62.67
3,10.275,58.81
3,10.310,55.13
3,10.346,51.55
3,10.380,48.00
3,10.413,44.74
3,10.447,42.09
3,10.480,39.75
3,10.515,36.12
3,10.550,34.39
3,10.585,32.88
3,10.619,31.17
3,10.653,29.44
3,10.688,29.44
3,10.722,27.80
3,10.755,24.93
3,10.788,23.34
3,10.822,21.58
3,10.856,20.09
3,10.889,18.96
3,10.923,18.29
3,10.956,18.09
3,10.990,17.42
3,11.023,16.63
3,11.057,15.86
3,11.091,15.17
3,11.125,14.58
3,11.159,13.91
3,11.194,13.70
3,11.228,13.52
3,11.263,13.34
3,11.297,13.37
3,11.332,13.34
3,11.367,13.14
3,11.402,13.10
3,11.435,12.97
3,11.468,12.64
3,11.501,12.20
3,11.535,11.77
3,11.569,11.28
3,11.603,10.96
3,11.637,11.26
3,11.671,12.18
3,11.706,13.31
3,11.741,15.16
3,11.775,17.27
3,11.809,20.08
3,11.843,26.04
3,11.877,26.04
3,11.913,29.09
3,11.947,32.43
3,11.981,35.65
3,12.015,38.69
3,12.049,41.79
3,12.083,47.45
3,12.117,49.81
3,12.151,51.27
3,12.184,53.19
3,12.218,54.77
3,12.252,55.96
3,12.286,55.96
3,12.321,57.43
3,12.355,58.45
3,12.388,59.05
3,12.421,59.00
3,12.455,59.08
3,12.489,59.61
3,12.523,59.97
3,12.556,60.13
3,12.590,60.25
3,12.625,60.21
3,12.658,60.35
3,12.692,60.33
3,12.725,60.91
3,12.758,61.24
3,12.791,61.87
3,12.824,62.22
3,12.859,62.15
3,12.893,62.18
3,12.928,62.20
3,12.962,62.08
3,12.996,61.29
3,13.030,60.31
3,13.066,59.13
3,13.099,57.95
3,13.134,56.82
3,13.167,55.74
3,13.201,54.52
3,13.237,53.25
3,13.273,51.94
3,13.307,50.79
3,13.341,49.88
3,13.375,49.22
3,13.410,48.40
3,13.444,47.32
3,13.478,46.19
3,13.512,45.00
3,13.548,43.90
3,13.581,42.79
3,13.615,42.15
3,13.648,41.40
3,13.683,40.07
3,13.716,39.07
3,13.749,37.73
3,13.784,36.16
3,13.817,34.49
3,13.852,34.49
3,13.887,32.58
3,13.921,30.55
3,13.956,27.08
3,13.990,25.61
3,14.024,24.60
3,14.057,23.89
3,14.092,23.41
3,14.126,23.31
3,14.160,23.55
3,14.195,24.20
3,14.229,25.05
3,14.263,26.16
3,14.298,27.39
3,14.333,28.88
3,14.367,30.46
3,14.403,32.19
3,14.436,34.25
3,14.471,36.44
3,14.506,38.74
3,14.541,41.43
3,14.574,44.30
3,14.609,47.80
3,14.645,51.53
3,14.681,55.54
3,14.717,59.31
3,14.751,63.20
3,14.785,66.92
3,14.820,73.23
3,14.853,76.19
3,14.886,79.12
3,14.921,81.35
3,14.955,83.12
3,14.988,84.52
3,15.023,85.65
3,15.057,85.65
3,15.090,86.64
3,15.124,88.54
3,15.157,89.43
3,15.191,90.41
3,15.226,91.38
3,15.259,92.26
3,15.293,93.14
3,15.327,93.79
3,15.363,94.30
3,15.398,94.41
3,15.433,94.55
3,15.467,94.40
3,15.501,94.13
3,15.534,93.64
3,15.569,93.16
3,15.604,92.58
3,15.638,92.19
3,15.673,91.62
3,15.708,91.25
3,15.742,91.06
3,15.775,90.92
3,15.810,90.77
3,15.844,90.77
3,15.878,90.87
3,15.912,91.03
3,15.946,91.28
3,15.980,91.50
3,16.013,91.76
3,16.047,91.91
3,16.081,92.10
3,16.116,92.38
3,16.150,92.78
3,16.186,93.00
3,16.219,93.09
3,16.252,93.09
3,16.286,92.76
3,16.321,92.00
3,16.356,89.91
3,16.391,88.40
3,16.425,86.86
3,16.459,85.10
3,16.492,83.11
3,16.525,80.74
3,16.558,78.09
3,16.592,75.16
3,16.625,71.80
3,16.660,67.82
3,16.694,63.44
3,16.726,59.40
3,16.760,55.85
3,16.793,52.34
3,16.826,49.01
3,16.861,45.86
3,16.894,42.88
3,16.927,40.10
3,16.961,37.55
3,16.995,34.98
3,17.029,32.56
3,17.063,30.49
3,17.097,28.33
3,17.130,26.38
3,17.165,24.53
3,17.199,22.90
3,17.234,21.61
3,17.270,20.54
3,17.305,19.42
3,17.340,18.41
3,17.373,17.43
3,17.407,16.46
3,17.442,15.59
3,17.476,14.73
3,17.509,13.77
3,17.545,12.88
3,17.580,11.97
3,17.614,11.09
3,17.648,10.37
3,17.683,9.70
3,17.716,8.69
3,17.749,8.35
3,17.783,8.08
3,17.817,8.08
3,17.851,7.83
3,17.886,7.63
3,17.921,7.48
3,17.957,7.14
3,17.992,6.99
3,18.025,6.88
3,18.060,6.72
3,18.094,6.55
3,18.127,6.49
3,18.161,6.47
3,18.196,6.43
3,18.230,6.33
3,18.265,6.20
3,18.299,5.94
3,18.333,5.63
3,18.366,5.36
3,18.400,5.02
3,18.434,4.63
3,18.468,4.28
3,18.503,4.08
3,18.538,4.01
3,18.572,3.95
3,18.606,3.90
3,18.640,3.89
3,18.675,3.88
3,18.711,4.05
3,18.745,4.34
3,18.780,4.72
3,18.814,5.04
3,18.848,5.53
3,18.884,7.20
3,18.917,8.48
3,18.953,9.79
3,18.987,11.01
3,19.021,11.01
3,19.055,11.59
3,19.088,11.54
3,19.122,10.92
3,19.155,8.99
3,19.189,7.63
3,19.222,6.41
3,19.256,5.68
3,19.290,5.29
3,19.323,5.34
3,19.358,5.73
3,19.393,6.32
3,19.428,7.16
3,19.462,7.82
3,19.497,8.61
3,19.531,9.69
3,19.565,10.83
3,19.599,11.84
3,19.632,12.50
3,19.667,13.08
3,19.702,13.22
3,19.738,13.33
3,19.771,13.42
3,19.806,13.64
3,19.840,13.93
3,19.873,14.32
3,19.907,14.87
3,19.943,15.39
3,19.978,16.06
3,20.013,16.41
3,20.048,17.06
3,20.081,17.69
3,20.115,17.53
3,20.149,17.18
3,20.182,16.89
3,20.215,16.89
3,20.249,16.60
3,20.283,16.20
3,20.319,15.76
3,20.354,15.62
3,20.389,15.46
3,20.423,15.73
3,20.457,15.91
3,20.492,16.12
3,20.527,15.93
3,20.561,15.61
3,20.595,15.32
3,20.629,15.03
3,20.662,14.71
3,20.697,14.36
3,20.731,13.94
3,20.765,13.66
4,0.001,1.41
4,0.036,1.33
4,0.069,1.24
4,0.103,1.16
4,0.137,1.09
4,0.172,1.09
4,0.206,1.08
4,0.239,1.05
4,0.272,1.06
4,0.307,1.07
4,0.342,1.08
4,0.376,1.04
4,0.409,0.97
4,0.443,0.94
4,0.477,0.89
4,0.510,0.90
4,0.543,0.87
4,0.577,0.82
4,0.610,0.68
4,0.643,0.59
4,0.677,0.52
4,0.711,0.48
4,0.745,0.48
4,0.779,0.52
4,0.813,0.55
4,0.849,0.63
4,0.882,0.70
4,0.916,0.77
4,0.950,0.85
4,0.983,0.96
4,1.017,0.97
4,1.052,1.07
4,1.086,1.10
4,1.121,1.12
4,1.154,1.17
4,1.189,1.17
4,1.222,1.16
4,1.256,1.14
4,1.291,1.10
4,1.326,1.07
4,1.361,1.10
4,1.394,1.14
4,1.429,1.14
4,1.462,1.11
4,1.496,1.13
4,1.530,1.16
4,1.564,1.23
4,1.597,1.24
4,1.631,1.20
4,1.665,1.18
4,1.700,1.16
4,1.734,1.15
4,1.768,1.11
4,1.803,0.99
4,1.836,0.98
4,1.869,1.00
4,1.904,0.95
4,1.939,0.95
4,1.972,0.95
4,2.007,0.94
4,2.041,0.91
4,2.074,0.91
4,2.108,0.88
4,2.141,0.89
4,2.175,0.94
4,2.208,1.01
4,2.242,1.03
4,2.275,1.20
4,2.308,1.30
4,2.342,1.36
4,2.377,1.34
4,2.412,1.23
4,2.445,1.12
4,2.479,1.04
4,2.513,0.91
4,2.548,0.69
4,2.584,0.36
4,2.618,-0.15
4,2.654,-0.88
4,2.688,-1.76
4,2.722,-3.67
4,2.756,-4.93
4,2.791,-6.24
4,2.824,-7.59
4,2.857,-8.91
4,2.893,-10.19
4,2.928,-11.44
4,2.960,-12.63
4,2.995,-13.82
4,3.029,-15.05
4,3.063,-16.31
4,3.096,-17.59
4,3.130,-18.79
4,3.164,-20.21
4,3.197,-21.32
4,3.230,-22.31
4,3.264,-23.11
4,3.298,-23.93
4,3.333,-24.68
4,3.368,-25.38
4,3.402,-26.06
4,3.436,-26.64
4,3.469,-27.17
4,3.502,-27.65
4,3.536,-28.09
4,3.570,-28.87
4,3.603,-29.27
4,3.636,-29.27
4,3.671,-29.65
4,3.706,-30.04
4,3.740,-30.48
4,3.776,-30.82
4,3.809,-31.34
4,3.845,-31.57
4,3.878,-31.76
4,3.914,-31.93
4,3.947,-32.07
4,3.982,-32.23
4,4.016,-32.37
4,4.049,-32.48
4,4.083,-32.60
4,4.116,-32.77
4,4.151,-32.95
4,4.186,-33.13
4,4.220,-33.29
4,4.254,-33.40
4,4.289,-33.50
4,4.322,-33.61
4,4.356,-33.73
4,4.391,-33.81
4,4.425,-33.91
4,4.460,-33.99
4,4.495,-34.02
4,4.531,-34.06
4,4.566,-34.03
4,4.599,-34.00
4,4.633,-33.93
4,4.667,-33.79
4,4.700,-33.69
4,4.733,-33.60
4,4.767,-33.57
4,4.801,-33.55
4,4.835,-33.58
4,4.869,-33.60
4,4.904,-33.61
4,4.938,-33.59
4,4.972,-33.60
4,5.007,-33.64
4,5.041,-33.66
4,5.075,-33.70
4,5.109,-33.72
4,5.143,-33.77
4,5.178,-33.81
4,5.213,-33.86
4,5.247,-33.91
4,5.280,-33.95
4,5.314,-33.99
4,5.348,-34.02
4,5.382,-34.05
4,5.416,-34.11
4,5.450,-34.16
4,5.484,-34.21
4,5.519,-34.25
4,5.553,-34.31
4,5.587,-34.45
4,5.623,-34.60
4,5.657,-34.77
4,5.692,-34.95
4,5.728,-35.14
4,5.762,-35.35
4,5.797,-35.56
4,5.830,-35.81
4,5.864,-36.06
4,5.899,-36.44
4,5.933,-36.68
4,5.967,-36.87
4,6.003,-37.15
4,6.038,-37.29
4,6.072,-37.40
4,6.105,-37.49
4,6.139,-37.48
4,6.172,-37.48
4,6.206,-37.43
4,6.239,-37.37
4,6.273,-37.28
4,6.306,-37.09
4,6.341,-36.69
4,6.376,-36.41
4,6.409,-36.15
4,6.443,-35.87
4,6.477,-35.53
4,6.510,-35.10
4,6.544,-34.59
4,6.578,-33.99
4,6.612,-33.30
4,6.645,-32.51
4,6.678,-31.65
4,6.713,-30.73
4,6.748,-29.77
4,6.782,-28.81
4,6.817,-27.76
4,6.850,-26.64
4,6.884,-25.47
4,6.918,-24.25
4,6.953,-23.03
4,6.988,-21.74
4,7.023,-20.50
4,7.059,-18.24
4,7.094,-17.11
4,7.128,-15.99
4,7.162,-14.85
4,7.196,-13.95
4,7.231,-13.02
4,7.266,-12.17
4,7.300,-11.41
4,7.334,-10.70
4,7.369,-10.15
4,7.403,-9.60
4,7.436,-9.19
4,7.471,-8.81
4,7.505,-8.47
4,7.538,-8.14
4,7.572,-7.77
4,7.607,-7.58
4,7.641,-7.29
4,7.675,-7.01
4,7.710,-6.77
4,7.744,-6.60
4,7.778,-6.32
4,7.813,-6.08
4,7.847,-5.88
4,7.880,-5.66
4,7.913,-5.44
4,7.949,-5.22
4,7.982,-4.97
4,8.016,-4.83
4,8.049,-4.66
4,8.082,-4.52
4,8.116,-4.35
4,8.149,-4.21
4,8.184,-4.08
4,8.218,-4.00
4,8.252,-3.91
4,8.287,-3.84
4,8.321,-3.70
4,8.356,-3.58
4,8.389,-3.49
4,8.423,-3.42
4,8.457,-3.31
4,8.491,-3.23
4,8.525,-3.19
4,8.561,-3.18
4,8.596,-3.17
4,8.630,-3.13
4,8.664,-3.16
4,8.699,-3.23
4,8.732,-3.31
4,8.766,-3.34
4,8.800,-3.38
4,8.834,-3.42
4,8.868,-3.54
4,8.902,-3.53
4,8.936,-3.57
4,8.970,-3.62
4,9.004,-3.71
4,9.038,-3.71
4,9.072,-3.72
4,9.105,-3.74
4,9.140,-3.78
4,9.175,-3.90
4,9.208,-4.06
4,9.243,-4.52
4,9.277,-5.04
4,9.310,-5.74
4,9.345,-6.62
4,9.380,-7.65
4,9.413,-8.77
4,9.447,-9.93
4,9.481,-11.07
4,9.516,-12.22
4,9.551,-13.45
4,9.586,-15.89
4,9.619,-17.24
4,9.654,-18.60
4,9.688,-19.92
4,9.722,-21.17
4,9.755,-22.34
4,9.789,-23.42
4,9.822,-24.43
4,9.858,-25.42
4,9.891,-26.41
4,9.926,-27.35
4,9.962,-28.27
4,9.998,-29.12
4,10.032,-29.90
4,10.065,-30.65
4,10.099,-31.35
4,10.132,-31.98
4,10.166,-32.55
4,10.200,-33.01
4,10.234,-33.36
4,10.268,-33.73
4,10.301,-33.89
4,10.335,-33.94
4,10.369,-33.95
4,10.404,-33.92
4,10.438,-33.83
4,10.472,-33.69
4,10.506,-33.51
4,10.540,-33.27
4,10.573,-33.08
4,10.608,-32.94
4,10.642,-32.84
4,10.674,-32.79
4,10.707,-32.69
4,10.741,-32.68
4,10.776,-32.75
4,10.809,-32.71
4,10.843,-32.70
4,10.877,-32.71
4,10.910,-32.79
4,10.943,-32.75
4,10.977,-32.75
4,11.010,-32.78
4,11.044,-32.81
4,11.078,-32.85
4,11.111,-32.89
4,11.145,-32.95
4,11.179,-33.00
4,11.213,-33.09
4,11.249,-33.17
4,11.282,-33.29
4,11.316,-33.34
4,11.349,-33.42
4,11.383,-33.49
4,11.417,-33.57
4,11.450,-33.64
4,11.484,-33.69
4,11.518,-33.75
4,11.553,-33.81
4,11.587,-33.88
4,11.621,-33.95
4,11.655,-34.01
4,11.688,-34.05
4,11.721,-34.08
4,11.755,-34.14
4,11.790,-34.17
4,11.824,-34.23
4,11.858,-34.27
4,11.892,-34.32
4,11.926,-34.38
4,11.960,-34.44
4,11.995,-34.48
4,12.029,-34.52
4,12.063,-34.56
4,12.097,-34.60
4,12.131,-34.67
4,12.165,-34.71
4,12.199,-34.73
4,12.234,-34.75
4,12.268,-34.74
4,12.303,-34.65
4,12.337,-34.58
4,12.371,-34.66
4,12.405,-34.67
4,12.439,-34.69
4,12.473,-34.71
4,12.507,-34.70
4,12.541,-34.76
4,12.576,-34.85
4,12.609,-34.85
4,12.644,-34.94
4,12.678,-34.98
4,12.712,-35.08
4,12.747,-35.12
4,12.781,-35.18
4,12.815,-35.22
4,12.849,-35.18
4,12.883,-35.12
4,12.916,-34.98
4,12.951,-34.82
4,12.984,-34.55
4,13.017,-34.28
4,13.052,-34.09
4,13.086,-33.86
4,13.121,-33.66
4,13.155,-33.26
4,13.188,-32.90
4,13.221,-32.58
4,13.256,-32.48
4,13.291,-32.08
4,13.325,-31.60
4,13.362,-30.56
4,13.396,-29.96
4,13.429,-29.24
4,13.462,-28.53
4,13.497,-27.73
4,13.532,-26.76
4,13.566,-26.03
4,13.601,-25.06
4,13.634,-24.04
4,13.669,-22.96
4,13.705,-21.89
4,13.740,-20.60
4,13.774,-19.51
4,13.808,-18.49
4,13.842,-16.74
4,13.875,-16.61
4,13.909,-15.61
4,13.943,-14.74
4,13.977,-13.71
4,14.012,-12.50
4,14.045,-11.45
4,14.079,-10.45
4,14.112,-9.52
4,14.145,-8.04
4,14.178,-7.40
4,14.213,-6.87
4,14.246,-6.41
4,14.281,-6.03
4,14.314,-5.72
4,14.349,-5.46
4,14.382,-5.25
4,14.416,-5.08
4,14.449,-4.94
4,14.484,-4.78
4,14.517,-4.63
4,14.551,-4.49
4,14.584,-4.35
4,14.617,-4.20
4,14.650,-4.04
4,14.686,-3.86
4,14.720,-3.66
4,14.753,-3.40
4,14.788,-3.16
4,14.822,-2.95
4,14.856,-2.75
4,14.890,-2.53
4,14.924,-2.35
4,14.959,-2.18
4,14.993,-2.06
4,15.027,-1.93
4,15.062,-1.75
4,15.096,-1.63
4,15.129,-1.53
4,15.162,-1.47
4,15.196,-1.36
4,15.229,-1.25
4,15.264,-1.08
4,15.298,-0.78
4,15.332,-0.65
4,15.366,-0.55
4,15.400,-0.44
4,15.435,-0.36
4,15.469,-0.32
4,15.502,-0.31
4,15.536,-0.31
4,15.571,-0.30
4,15.605,-0.32
4,15.641,-0.35
4,15.675,-0.35
4,15.709,-0.37
4,15.743,-0.38
4,15.777,-0.39
4,15.811,-0.40
4,15.845,-0.40
4,15.880,-0.41
4,15.915,-0.42
4,15.950,-0.41
4,15.983,-0.39
4,16.016,-0.34
4,16.050,-0.29
4,16.083,-0.20
4,16.116,-0.09
4,16.151,0.11
4,16.184,0.29
4,16.218,0.63
4,16.251,0.93
4,16.286,1.13
4,16.321,1.28
4,16.354,1.44
4,16.389,1.56
4,16.423,1.68
4,16.458,1.82
4,16.492,1.92
4,16.525,1.99
4,16.560,2.05
4,16.595,2.07
4,16.631,2.10
4,16.665,2.11
4,16.700,2.20
4,16.734,2.28
4,16.769,2.41
5,0.002,-2.27
5,0.035,-2.22
5,0.070,-2.13
5,0.103,-2.07
5,0.137,-2.02
5,0.170,-1.99
5,0.205,-1.96
5,0.239,-1.94
5,0.272,-1.93
5,0.306,-1.89
5,0.342,-1.88
5,0.376,-1.82
5,0.410,-1.73
5,0.444,-1.48
5,0.478,-1.43
5,0.512,-1.14
5,0.545,-0.96
5,0.580,-0.86
5,0.614,-0.67
5,0.649,-0.46
5,0.683,-0.27
5,0.718,-0.06
5,0.753,0.23
5,0.787,0.42
5,0.822,0.61
5,0.855,0.80
5,0.889,0.97
5,0.924,1.12
5,0.958,1.24
5,0.993,1.34
5,1.027,1.45
5,1.060,1.54
5,1.094,1.59
5,1.129,1.61
5,1.164,1.63
5,1.199,1.59
5,1.233,1.68
5,1.268,1.70
5,1.302,1.84
5,1.336,1.89
5,1.369,1.94
5,1.403,2.00
5,1.436,2.06
5,1.470,1.91
5,1.504,1.89
5,1.538,1.85
5,1.572,1.77
5,1.606,1.78
5,1.640,1.71
5,1.673,1.62
5,1.707,1.58
5,1.740,1.55
5,1.774,1.49
5,1.808,1.35
5,1.841,1.16
5,1.875,0.84
5,1.909,0.41
5,1.942,-0.23
5,1.975,-0.99
5,2.008,-1.92
5,2.042,-2.97
5,2.075,-4.10
5,2.110,-5.32
5,2.146,-6.59
5,2.180,-7.95
5,2.215,-9.39
5,2.249,-10.84
5,2.282,-12.30
5,2.316,-13.78
5,2.350,-16.63
5,2.384,-18.24
5,2.418,-19.87
5,2.452,-21.61
5,2.485,-23.39
5,2.519,-23.67
5,2.552,-25.50
5,2.587,-27.40
5,2.622,-31.30
5,2.656,-33.79
5,2.689,-36.83
5,2.722,-40.75
5,2.756,-46.52
5,2.790,-54.70
5,2.824,-63.90
5,2.858,-73.24
5,2.892,-82.20
5,2.927,-90.69
5,2.962,-98.69
5,2.997,-110.51
5,3.031,-116.88
5,3.064,-119.55
5,3.099,-125.61
5,3.133,-131.29
5,3.166,-136.52
5,3.201,-141.28
5,3.236,-145.58
5,3.270,-150.83
5,3.303,-153.99
5,3.338,-156.71
5,3.372,-160.34
5,3.406,-162.15
5,3.440,-163.72
5,3.474,-164.49
5,3.507,-165.74
5,3.542,-167.33
5,3.576,-168.23
5,3.611,-169.03
5,3.644,-169.72
5,3.679,-170.33
5,3.713,-170.81
5,3.749,-171.20
5,3.784,-171.53
5,3.818,-171.80
5,3.852,-172.06
5,3.887,-172.27
5,3.921,-172.43
5,3.954,-172.55
5,3.989,-172.64
5,4.024,-172.67
5,4.059,-172.70
5,4.093,-172.67
5,4.128,-172.67
5,4.162,-172.66
5,4.196,-172.63
5,4.232,-172.56
5,4.265,-172.50
5,4.302,-172.44
5,4.336,-172.41
5,4.372,-172.38
5,4.407,-172.41
5,4.441,-172.35
5,4.474,-172.32
5,4.509,-172.28
5,4.543,-172.26
5,4.577,-172.22
5,4.612,-172.17
5,4.645,-172.13
5,4.679,-172.10
5,4.712,-172.05
5,4.746,-172.00
5,4.780,-171.94
5,4.815,-171.90
5,4.848,-171.86
5,4.882,-171.84
5,4.916,-171.78
5,4.951,-171.76
5,4.985,-171.74
5,5.018,-171.71
5,5.051,-171.66
5,5.084,-171.66
5,5.118,-171.59
5,5.154,-171.55
5,5.189,-171.53
5,5.223,-171.56
5,5.256,-171.64
5,5.291,-171.75
5,5.326,-171.86
5,5.360,-171.94
5,5.394,-172.02
5,5.427,-172.10
5,5.462,-172.19
5,5.496,-172.32
5,5.530,-172.45
5,5.565,-172.65
5,5.599,-172.75
5,5.632,-172.81
5,5.665,-172.82
5,5.700,-172.86
5,5.733,-172.88
5,5.767,-172.90
5,5.801,-172.93
5,5.835,-173.00
5,5.871,-172.94
5,5.906,-172.62
5,5.941,-172.16
5,5.975,-171.38
5,6.009,-170.53
5,6.042,-169.38
5,6.075,-167.91
5,6.110,-166.20
5,6.145,-164.33
5,6.179,-162.27
5,6.213,-160.06
5,6.247,-157.72
5,6.281,-155.21
5,6.314,-152.41
5,6.348,-148.90
5,6.383,-143.85
5,6.417,-136.34
5,6.452,-126.77
5,6.486,-116.64
5,6.520,-106.83
5,6.555,-97.66
5,6.590,-86.33
5,6.623,-78.72
5,6.656,-71.82
5,6.690,-65.60
5,6.724,-59.89
5,6.758,-54.68
5,6.792,-49.85
5,6.827,-45.38
5,6.861,-41.29
5,6.895,-37.54
5,6.929,-34.02
5,6.964,-30.83
5,6.997,-26.72
5,7.031,-25.05
5,7.066,-22.48
5,7.100,-20.22
5,7.135,-18.19
5,7.170,-16.36
5,7.205,-14.78
5,7.239,-13.03
5,7.272,-11.95
5,7.306,-11.03
5,7.339,-10.29
5,7.373,-9.66
5,7.407,-8.94
5,7.440,-8.52
5,7.475,-8.19
5,7.509,-7.89
5,7.543,-7.58
5,7.576,-7.41
5,7.609,-7.27
5,7.645,-7.25
5,7.679,-6.88
5,7.713,-6.64
5,7.746,-6.41
5,7.780,-6.13
5,7.814,-5.79
5,7.848,-5.47
5,7.881,-5.11
5,7.916,-4.78
5,7.950,-4.49
5,7.984,-4.23
5,8.017,-3.98
5,8.052,-3.77
5,8.087,-3.51
5,8.121,-3.28
5,8.156,-3.02
5,8.191,-2.72
5,8.224,-2.54
5,8.259,-2.35
5,8.295,-2.28
5,8.330,-2.13
5,8.365,-1.93
5,8.400,-1.83
5,8.433,-1.70
5,8.467,-1.64
5,8.501,-1.54
5,8.535,-1.56
5,8.570,-1.53
5,8.604,-1.56
5,8.638,-1.55
5,8.673,-1.53
5,8.708,-1.50
5,8.743,-1.46
5,8.776,-1.43
5,8.810,-1.40
5,8.844,-1.29
5,8.878,-1.21
5,8.912,-1.20
5,8.945,-1.15
5,8.980,-1.16
5,9.014,-1.27
5,9.048,-1.40
5,9.082,-1.61
5,9.117,-1.74
5,9.151,-2.04
5,9.184,-2.19
5,9.217,-2.33
5,9.250,-2.47
5,9.285,-2.60
5,9.319,-2.79
5,9.353,-2.93
5,9.387,-3.18
5,9.421,-3.52
5,9.455,-3.98
5,9.489,-4.63
5,9.522,-5.37
5,9.556,-6.23
5,9.589,-7.25
5,9.623,-8.38
5,9.657,-9.57
5,9.691,-10.84
5,9.724,-12.16
5,9.759,-13.48
5,9.793,-14.79
5,9.827,-16.07
5,9.860,-17.42
5,9.894,-18.81
5,9.929,-20.25
5,9.964,-21.75
5,9.997,-24.80
5,10.030,-26.52
5,10.064,-28.35
5,10.098,-30.50
5,10.132,-33.02
5,10.168,-36.61
5,10.202,-36.61
5,10.237,-40.38
5,10.271,-47.17
5,10.306,-54.12
5,10.340,-63.73
5,10.374,-81.41
5,10.408,-90.66
5,10.441,-99.21
5,10.475,-107.29
5,10.509,-114.81
5,10.543,-121.77
5,10.576,-128.13
5,10.609,-130.96
5,10.643,-136.47
5,10.676,-141.30
5,10.710,-147.38
5,10.743,-150.76
5,10.777,-153.75
5,10.810,-156.39
5,10.844,-158.73
5,10.878,-160.81
5,10.912,-162.60
5,10.946,-164.16
5,10.980,-164.96
5,11.014,-166.66
5,11.049,-167.68
5,11.083,-168.57
5,11.116,-169.33
5,11.150,-170.54
5,11.183,-171.15
5,11.216,-171.63
5,11.251,-172.00
5,11.286,-172.27
5,11.322,-172.47
5,11.358,-172.60
5,11.392,-172.66
5,11.425,-172.74
5,11.460,-172.79
5,11.495,-172.81
5,11.531,-172.83
5,11.566,-172.92
5,11.600,-173.00
5,11.633,-173.09
5,11.667,-173.18
5,11.701,-173.24
5,11.735,-173.28
5,11.769,-173.38
5,11.803,-173.47
5,11.837,-173.67
5,11.870,-173.73
5,11.903,-173.84
5,11.937,-173.97
5,11.970,-174.11
5,12.004,-174.27
5,12.038,-174.44
5,12.072,-174.57
5,12.106,-174.69
5,12.140,-174.76
5,12.174,-174.85
5,12.207,-174.94
5,12.242,-175.03
5,12.275,-175.14
5,12.309,-175.22
5,12.343,-175.38
5,12.377,-175.43
5,12.412,-175.46
5,12.446,-175.50
5,12.479,-175.59
5,12.513,-175.70
5,12.547,-175.76
5,12.582,-175.78
5,12.615,-175.75
5,12.650,-175.70
5,12.684,-175.64
5,12.717,-175.66
5,12.751,-175.65
5,12.785,-175.64
5,12.819,-175.56
5,12.853,-175.41
5,12.887,-175.19
5,12.921,-174.91
5,12.956,-174.52
5,12.990,-173.53
5,13.024,-172.46
5,13.057,-171.09
5,13.090,-169.24
5,13.124,-167.15
5,13.159,-164.73
5,13.194,-161.94
5,13.229,-158.87
5,13.262,-155.54
5,13.296,-151.91
5,13.331,-147.89
5,13.365,-143.34
5,13.399,-137.94
5,13.433,-131.62
5,13.469,-124.12
5,13.503,-115.66
5,13.537,-106.73
5,13.571,-97.95
5,13.605,-84.74
5,13.640,-77.42
5,13.673,-70.72
5,13.707,-64.65
5,13.742,-57.12
5,13.775,-55.21
5,13.809,-50.64
5,13.844,-46.51
5,13.879,-40.80
5,13.912,-37.72
5,13.947,-34.94
5,13.980,-32.46
5,14.013,-30.22
5,14.048,-28.21
5,14.082,-26.42
5,14.116,-24.80
5,14.150,-23.36
5,14.183,-22.06
5,14.218,-20.92
5,14.252,-19.92
5,14.287,-19.03
5,14.322,-18.21
5,14.356,-17.49
5,14.390,-16.78
5,14.426,-16.10
5,14.461,-15.47
5,14.496,-14.61
5,14.529,-14.19
5,14.563,-13.80
5,14.597,-13.45
5,14.632,-13.13
5,14.667,-12.87
5,14.701,-12.80
5,14.735,-12.59
5,14.769,-12.35
5,14.803,-12.23
5,14.837,-12.10
5,14.871,-11.90
5,14.906,-11.71
5,14.940,-11.53
5,14.974,-11.32
5,15.008,-11.10
5,15.042,-10.92
5,15.077,-10.77
5,15.111,-10.66
5,15.144,-10.50
5,15.178,-10.36
5,15.211,-10.21
5,15.246,-9.93
5,15.279,-9.82
5,15.313,-9.73
5,15.348,-9.73
5,15.383,-9.67
5,15.416,-9.54
5,15.450,-9.38
5,15.484,-9.26
5,15.518,-9.02
5,15.553,-8.89
5,15.587,-8.75
5,15.620,-8.64
5,15.656,-8.52
5,15.689,-8.40
5,15.723,-8.26
5,15.757,-8.10
5,15.790,-7.94
5,15.823,-7.82
5,15.857,-7.71
5,15.891,-7.59
5,15.925,-7.45
5,15.960,-7.32
5,15.993,-7.18
5,16.029,-7.06
5,16.064,-6.94
5,16.098,-6.77
5,16.131,-6.64
5,16.165,-6.54
5,16.200,-6.46
5,16.234,-6.42
5,16.269,-6.41
5,16.303,-6.45
5,16.337,-6.45
5,16.371,-6.43
5,16.405,-6.36
5,16.439,-6.32
5,16.472,-6.28
5,16.505,-6.24
5,16.539,-6.20
5,16.572,-6.16
5,16.607,-6.10
5,16.642,-6.04
5,16.675,-6.01
5,16.710,-5.94
5,16.743,-5.85
5,16.778,-5.74
5,16.811,-5.65
5,16.845,-5.61
5,16.879,-5.57
5,16.913,-5.54
5,16.946,-5.54
5,16.980,-5.54
5,17.015,-5.57
6,0.002,-12.90
6,0.038,-12.97
6,0.072,-12.98
6,0.106,-13.00
6,0.140,-12.99
6,0.175,-12.87
6,0.211,-12.81
6,0.244,-12.69
6,0.279,-12.69
6,0.313,-12.52
6,0.346,-12.22
6,0.380,-12.04
6,0.414,-11.88
6,0.449,-11.30
6,0.483,-10.88
6,0.516,-10.45
6,0.550,-9.93
6,0.585,-9.60
6,0.619,-9.22
6,0.655,-8.84
6,0.689,-8.42
6,0.722,-7.86
6,0.757,-7.26
6,0.791,-6.63
6,0.824,-6.22
6,0.857,-5.71
6,0.892,-5.02
6,0.926,-4.07
6,0.961,-2.74
6,0.997,-1.34
6,1.031,0.08
6,1.065,1.56
6,1.099,3.05
6,1.132,4.49
6,1.167,5.84
6,1.200,7.06
6,1.233,8.12
6,1.267,9.04
6,1.301,9.74
6,1.335,10.29
6,1.371,10.60
6,1.406,10.73
6,1.440,10.75
6,1.475,10.63
6,1.510,10.36
6,1.544,10.04
6,1.579,9.64
6,1.613,9.35
6,1.648,8.69
6,1.683,8.33
6,1.718,8.08
6,1.751,7.83
6,1.785,7.48
6,1.819,6.96
6,1.854,6.96
6,1.887,5.62
6,1.921,5.00
6,1.955,4.25
6,1.989,3.47
6,2.023,2.83
6,2.057,2.31
6,2.091,1.88
6,2.124,1.46
6,2.159,1.11
6,2.193,0.91
6,2.228,0.85
6,2.262,1.03
6,2.296,1.34
6,2.329,1.67
6,2.363,1.89
6,2.396,2.00
6,2.432,2.10
6,2.467,2.17
6,2.502,2.09
6,2.536,1.61
6,2.571,0.89
6,2.605,0.10
6,2.640,-0.95
6,2.674,-2.30
6,2.708,-4.00
6,2.742,-6.29
6,2.777,-8.89
6,2.811,-11.64
6,2.844,-14.56
6,2.878,-17.79
6,2.912,-24.60
6,2.946,-28.39
6,2.979,-32.50
6,3.013,-37.35
6,3.047,-37.35
6,3.082,-42.71
6,3.116,-48.52
6,3.151,-61.39
6,3.184,-67.97
6,3.219,-69.38
6,3.253,-72.17
6,3.287,-74.34
6,3.320,-77.04
6,3.355,-79.85
6,3.388,-82.30
6,3.421,-84.81
6,3.456,-87.58
6,3.490,-90.78
6,3.525,-94.50
6,3.558,-103.48
6,3.592,-110.09
6,3.626,-126.69
6,3.660,-128.91
6,3.695,-131.07
6,3.729,-133.29
6,3.763,-135.57
6,3.797,-137.90
6,3.832,-140.01
6,3.865,-141.96
6,3.898,-143.73
6,3.932,-145.50
6,3.966,-147.24
6,4.001,-148.99
6,4.036,-150.58
6,4.070,-152.02
6,4.105,-153.47
6,4.139,-154.95
6,4.173,-156.41
6,4.207,-158.96
6,4.243,-158.96
6,4.279,-159.89
6,4.315,-160.54
6,4.348,-161.01
6,4.381,-161.28
6,4.417,-161.52
6,4.450,-161.48
6,4.484,-161.34
6,4.517,-161.17
6,4.550,-161.01
6,4.585,-160.90
6,4.620,-160.77
6,4.653,-160.77
6,4.687,-160.37
6,4.720,-160.32
6,4.756,-160.22
6,4.790,-160.06
6,4.826,-159.86
6,4.860,-159.64
6,4.896,-159.51
6,4.930,-159.44
6,4.965,-159.36
6,5.001,-159.28
6,5.035,-159.23
6,5.069,-159.16
6,5.104,-159.18
6,5.138,-159.18
6,5.173,-159.13
6,5.208,-159.11
6,5.243,-159.10
6,5.278,-159.07
6,5.312,-159.15
6,5.345,-159.18
6,5.379,-159.14
6,5.413,-159.14
6,5.448,-159.13
6,5.482,-159.14
6,5.516,-159.19
6,5.551,-159.15
6,5.585,-159.18
6,5.619,-159.21
6,5.653,-159.21
6,5.686,-159.19
6,5.720,-159.20
6,5.754,-159.30
6,5.787,-159.39
6,5.821,-159.39
6,5.857,-159.51
6,5.891,-159.59
6,5.924,-159.67
6,5.959,-159.70
6,5.992,-159.60
6,6.028,-159.50
6,6.062,-159.42
6,6.096,-159.37
6,6.129,-159.23
6,6.164,-158.93
6,6.198,-158.43
6,6.232,-157.25
6,6.267,-157.30
6,6.301,-156.59
6,6.335,-154.79
6,6.370,-151.74
6,6.406,-147.56
6,6.439,-136.42
6,6.473,-127.34
6,6.507,-118.24
6,6.541,-110.08
6,6.575,-99.39
6,6.610,-99.39
6,6.645,-85.92
6,6.678,-75.74
6,6.711,-67.50
6,6.746,-59.43
6,6.781,-52.73
6,6.816,-43.42
6,6.849,-34.54
6,6.882,-26.02
6,6.915,-18.47
6,6.948,-11.65
6,6.982,-5.67
6,7.015,-5.67
6,7.051,-0.53
6,7.085,3.79
6,7.121,10.32
6,7.156,12.52
6,7.190,14.00
6,7.223,15.04
6,7.257,15.61
6,7.292,15.76
6,7.325,15.64
6,7.361,15.31
6,7.396,14.84
6,7.430,14.25
6,7.463,13.61
6,7.496,13.03
6,7.530,12.66
6,7.564,12.32
6,7.598,11.96
6,7.632,11.55
6,7.667,11.16
6,7.701,10.87
6,7.735,10.61
6,7.769,10.26
6,7.803,9.92
6,7.837,9.63
6,7.871,9.42
6,7.905,9.09
6,7.938,8.76
6,7.973,8.36
6,8.007,7.96
6,8.040,7.53
6,8.074,7.20
6,8.110,6.91
6,8.144,6.39
6,8.177,6.19
6,8.213,6.19
6,8.247,5.96
6,8.281,5.77
6,8.315,5.71
6,8.350,5.67
6,8.385,5.54
6,8.418,5.49
6,8.453,5.37
6,8.486,5.29
6,8.520,5.19
6,8.553,5.21
6,8.586,5.21
6,8.620,5.27
6,8.653,5.38
6,8.687,5.74
6,8.721,5.94
6,8.755,6.11
6,8.789,6.42
6,8.821,6.76
6,8.856,7.11
6,8.891,7.40
6,8.925,7.54
6,8.961,7.70
6,8.995,7.78
6,9.030,7.80
6,9.063,7.71
6,9.096,7.63
6,9.129,7.36
6,9.164,7.20
6,9.197,7.08
6,9.232,7.24
6,9.266,7.68
6,9.302,8.37
6,9.336,9.17
6,9.370,10.15
6,9.403,11.04
6,9.437,11.84
6,9.470,12.45
6,9.504,13.03
6,9.539,13.39
6,9.574,13.52
6,9.609,13.61
6,9.644,-3.58
6,9.678,-3.37
6,9.712,-3.52
6,9.747,-3.83
6,9.781,-4.28
6,9.815,-4.63
6,9.849,-4.97
6,9.884,-5.14
6,9.919,-5.25
6,9.953,-5.65
6,9.988,-6.13
6,10.021,-7.01
6,10.054,-10.75
6,10.087,-25.84
6,10.121,-39.86
6,10.155,-51.28
6,10.189,-53.31
6,10.224,-68.33
6,10.257,-74.46
6,10.291,-98.23
6,10.324,-105.29
6,10.359,-146.17
6,10.393,-148.92
6,10.427,-151.64
6,10.460,-154.43
6,10.493,-157.12
6,10.527,-159.49
6,10.561,-161.89
6,10.596,-164.25
6,10.630,-166.35
6,10.664,-168.28
6,10.698,-170.13
6,10.732,-171.86
6,10.766,-173.46
6,10.801,-175.00
6,10.835,-176.40
6,10.870,-177.64
6,10.904,-179.21
6,10.938,-179.87
6,10.972,179.74
6,11.005,179.52
6,11.039,179.32
6,11.073,179.32
6,11.108,179.22
6,11.143,179.18
6,11.176,179.14
6,11.210,179.11
6,11.243,179.00
6,11.278,178.94
6,11.312,178.92
6,11.345,178.99
6,11.379,179.15
6,11.413,179.31
6,11.448,179.64
6,11.482,-179.96
6,11.516,-179.45
6,11.551,-179.03
6,11.584,-178.58
6,11.618,-178.21
6,11.651,-177.88
6,11.684,-177.71
6,11.717,-177.69
6,11.752,-177.85
6,11.785,-178.07
6,11.819,-178.52
6,11.854,-179.25
6,11.889,-179.71
6,11.922,179.83
6,11.956,179.36
6,11.991,178.87
6,12.024,177.90
6,12.059,177.29
6,12.092,176.63
6,12.126,175.99
6,12.159,175.52
6,12.193,175.06
6,12.228,174.71
6,12.263,174.58
6,12.296,174.50
6,12.330,174.42
6,12.363,174.41
6,12.397,174.41
6,12.430,174.51
6,12.466,174.63
6,12.502,174.69
6,12.536,174.85
6,12.569,175.08
6,12.604,175.37
6,12.639,175.70
6,12.673,175.95
6,12.709,176.21
6,12.743,176.22
6,12.777,176.00
6,12.811,175.40
6,12.844,174.88
6,12.877,174.57
6,12.912,174.74
6,12.946,174.37
6,12.981,173.76
6,13.016,172.57
6,13.051,170.84
6,13.085,168.21
6,13.120,164.58
6,13.153,161.25
6,13.186,156.61
6,13.219,149.92
6,13.253,142.99
6,13.288,136.70
6,13.321,132.35
6,13.355,126.85
6,13.390,-47.70
6,13.423,-34.21
6,13.457,-30.68
6,13.491,-27.36
6,13.525,-26.37
6,13.560,-22.51
6,13.594,-19.09
6,13.627,-14.76
6,13.661,-12.36
6,13.696,-10.46
6,13.730,-9.04
6,13.765,-8.09
6,13.798,-8.37
6,13.832,-7.30
6,13.866,-8.12
6,13.901,-8.31
6,13.934,-8.60
6,13.969,-9.03
6,14.003,-9.51
6,14.037,-9.96
6,14.071,-10.41
6,14.105,-10.94
6,14.139,-11.53
6,14.173,-12.09
6,14.207,6.59
6,14.242,6.22
6,14.276,-10.57
6,14.309,5.54
6,14.345,5.20
6,14.381,5.02
6,14.416,4.86
6,14.449,4.80
6,14.483,4.73
6,14.517,-9.60
6,14.550,4.64
6,14.585,4.54
6,14.620,4.32
6,14.654,4.09
6,14.689,3.38
6,14.722,3.11
6,14.756,2.68
6,14.791,2.28
6,14.825,1.90
6,14.860,1.57
6,14.893,1.20
6,14.927,-15.96
6,14.960,-16.08
6,14.993,-16.15
6,15.027,-16.18
6,15.060,-16.29
6,15.094,-16.47
6,15.128,-16.64
6,15.161,-16.74
6,15.194,-16.79
6,15.230,-16.77
6,15.265,-16.74
6,15.299,-16.75
6,15.332,-16.72
6,15.365,-16.65
6,15.399,-0.18
6,15.433,0.03
6,15.467,0.20
6,15.500,0.36
6,15.534,2.81
6,15.568,2.80
6,15.602,0.35
6,15.636,0.41
6,15.672,0.54
6,15.705,-10.06
6,15.738,-10.40
6,15.772,-10.61
6,15.806,-10.97
6,15.840,-11.29
6,15.875,-11.48
6,15.909,-11.60
6,15.944,-11.73
6,15.980,-11.97
6,16.014,-12.14
6,16.048,-12.25
6,16.082,-12.32
6,16.115,-12.52
6,16.150,-12.83
6,16.183,-12.92
6,16.217,-12.86
6,16.252,-12.89
6,16.287,-12.83
6,16.322,-12.93
6,16.356,-12.81
6,16.390,-12.69
6,16.424,-12.43
6,16.459,-12.12
6,16.492,-11.84
6,16.526,-11.92
6,16.559,-11.30
6,16.592,7.88
6,16.627,8.38
6,16.660,-12.69
6,16.695,-12.45
6,16.729,-12.31
6,16.762,-12.25
6,16.798,-12.24
6,16.832,-12.39
6,16.867,9.29
6,16.902,9.02
6,16.936,-12.91
6,16.970,-13.30
6,17.004,7.60
6,17.038,7.05
6,17.075,6.50
6,17.109,5.96
6,17.143,5.44
6,17.177,5.00
6,17.211,4.51
6,17.245,-10.71
6,17.279,-11.21
6,17.314,3.65
6,17.349,3.33
6,17.384,3.08
6,17.419,2.79
6,17.454,2.57
6,17.488,2.57
6,17.522,-13.36
6,17.557,-14.00
6,17.590,2.44
6,17.623,2.49
6,17.658,-12.93
6,17.691,-14.56
6,17.726,-15.93
6,17.761,2.40
6,17.794,2.36
6,17.828,2.33
6,17.861,2.30
6,17.894,2.30
6,17.928,2.28
6,17.961,2.29
6,17.995,2.24
6,18.029,-15.30
6,18.063,2.20
6,18.097,2.21
6,18.131,2.25
6,18.164,-13.26
6,18.197,-15.04
7,0.002,0.19
7,0.037,0.12
7,0.073,0.03
7,0.107,0.04
7,0.140,0.07
7,0.175,0.08
7,0.210,0.21
7,0.245,0.23
7,0.280,0.31
7,0.314,-0.01
7,0.349,-0.42
7,0.383,-1.00
7,0.418,-1.70
7,0.453,-2.41
7,0.486,-2.85
7,0.522,-3.09
7,0.558,-3.30
7,0.591,-3.50
7,0.626,-3.69
7,0.659,-4.05
7,0.694,-4.57
7,0.729,-5.06
7,0.765,-5.76
7,0.798,-6.70
7,0.832,-7.61
7,0.867,-8.55
7,0.901,-9.50
7,0.936,-10.68
7,0.969,-11.04
7,1.003,-11.14
7,1.037,-11.10
7,1.071,-11.10
7,1.105,-10.94
7,1.139,-6.22
7,1.174,-6.17
7,1.209,-6.05
7,1.242,-6.06
7,1.276,-6.08
7,1.310,-6.12
7,1.343,-6.28
7,1.377,-6.86
7,1.411,-7.27
7,1.446,-7.73
7,1.480,-8.08
7,1.513,-8.34
7,1.546,-8.45
7,1.579,-8.45
7,1.613,-7.21
7,1.646,-5.99
7,1.680,1.21
7,1.714,7.56
7,1.749,13.09
7,1.783,18.22
7,1.816,22.84
7,1.851,26.88
7,1.884,-17.15
7,1.919,-17.68
7,1.952,-18.18
7,1.986,-18.61
7,2.019,-19.00
7,2.053,-19.30
7,2.087,-19.57
7,2.121,-19.66
7,2.157,-19.78
7,2.193,-19.93
7,2.227,-20.04
7,2.261,-20.05
7,2.295,-20.04
7,2.329,-20.04
7,2.362,-20.04
7,2.397,-20.21
7,2.432,-20.55
7,2.467,-21.07
7,2.502,-21.77
7,2.536,-23.11
7,2.569,-23.89
7,2.603,-24.69
7,2.638,-25.48
7,2.673,-25.48
7,2.709,-26.07
7,2.745,-26.71
7,2.779,-26.77
7,2.814,-26.46
7,2.848,-25.95
7,2.882,-25.27
7,2.916,-24.49
7,2.950,-23.66
7,2.985,-22.80
7,3.020,-21.94
7,3.054,-7.05
7,3.088,-6.69
7,3.121,-6.30
7,3.154,-6.08
7,3.188,-5.90
7,3.221,-5.76
7,3.255,-5.65
7,3.289,-5.60
7,3.324,-5.61
7,3.358,-5.72
7,3.391,-5.84
7,3.425,-6.03
7,3.460,-6.23
7,3.494,-6.47
7,3.527,-6.71
7,3.563,-6.94
7,3.599,-7.14
7,3.634,-7.31
7,3.669,-7.43
7,3.704,-7.63
7,3.738,-7.39
7,3.772,-7.18
7,3.806,-6.91
7,3.841,-7.07
7,3.876,-6.85
7,3.909,-6.74
7,3.944,-6.61
7,3.977,-6.53
7,4.011,-6.43
7,4.045,-6.41
7,4.078,-6.35
7,4.112,-6.33
7,4.146,-6.37
7,4.180,-6.48
7,4.215,-6.66
7,4.249,-6.88
7,4.282,-7.10
7,4.316,-7.32
7,4.350,-7.59
7,4.383,-7.89
7,4.417,-8.17
7,4.451,-8.43
7,4.485,-8.69
7,4.520,-8.90
7,4.554,-9.03
7,4.589,-9.08
7,4.624,-9.01
7,4.658,-9.02
7,4.692,-9.06
7,4.724,-9.13
7,4.758,-9.16
7,4.793,-9.12
7,4.827,-8.68
7,4.862,-6.56
7,4.897,5.39
7,4.931,16.53
7,4.964,26.08
7,4.998,34.26
7,5.034,41.15
7,5.068,46.82
7,5.102,51.55
7,5.136,55.58
7,5.170,58.91
7,5.204,61.67
7,5.239,65.73
7,5.272,67.27
7,5.306,68.60
7,5.339,69.73
7,5.373,70.77
7,5.407,71.74
7,5.441,71.69
7,5.475,72.60
7,5.508,73.41
7,5.541,74.16
7,5.576,75.42
7,5.609,75.82
7,5.642,76.13
7,5.676,76.33
7,5.710,76.37
7,5.745,76.33
7,5.779,76.22
7,5.813,76.09
7,5.848,75.91
7,5.881,75.73
7,5.915,75.56
7,5.950,75.40
7,5.984,75.27
7,6.018,75.16
7,6.052,75.07
7,6.087,75.01
7,6.122,74.94
7,6.155,74.88
7,6.190,74.81
7,6.223,74.74
7,6.257,74.68
7,6.292,74.61
7,6.328,74.55
7,6.363,74.48
7,6.398,74.43
7,6.431,74.43
7,6.465,74.38
7,6.499,74.34
7,6.533,74.30
7,6.567,74.26
7,6.601,74.15
7,6.635,74.19
7,6.669,74.14
7,6.704,74.07
7,6.739,74.00
7,6.774,73.94
7,6.808,73.83
7,6.841,73.81
7,6.874,73.80
7,6.908,73.80
7,6.942,73.80
7,6.976,73.78
7,7.011,73.74
7,7.045,73.74
7,7.080,73.74
7,7.115,73.84
7,7.148,73.94
7,7.182,74.10
7,7.215,74.42
7,7.249,74.70
7,7.282,74.91
7,7.315,74.38
7,7.350,73.95
7,7.383,73.62
7,7.416,73.24
7,7.449,152.86
7,7.483,152.92
7,7.517,152.93
7,7.551,152.94
7,7.586,152.91
7,7.620,152.87
7,7.655,152.78
7,7.688,152.72
7,7.723,152.67
7,7.758,152.64
7,7.793,152.62
7,7.826,152.61
7,7.860,152.61
7,7.896,152.66
7,7.932,152.77
7,7.967,152.89
7,8.000,153.02
7,8.034,153.12
7,8.069,153.19
7,8.102,153.28
7,8.136,153.49
7,8.170,153.60
7,8.206,153.60
7,8.240,153.68
7,8.274,153.76
7,8.308,153.85
7,8.342,153.90
7,8.377,154.03
7,8.410,154.11
7,8.445,154.16
7,8.479,154.20
7,8.513,154.27
7,8.547,154.33
7,8.581,154.37
7,8.617,154.41
7,8.651,154.46
7,8.685,154.50
7,8.719,154.52
7,8.753,154.50
7,8.787,154.46
7,8.821,154.40
7,8.856,154.33
7,8.891,154.29
7,8.926,154.27
7,8.961,154.26
7,8.994,154.24
7,9.029,154.23
7,9.064,154.20
7,9.098,154.22
7,9.132,154.25
7,9.166,154.23
7,9.200,154.18
7,9.234,154.09
7,9.268,153.98
7,9.302,153.90
7,9.336,153.85
7,9.371,153.77
7,9.406,153.77
7,9.439,153.75
7,9.473,133.09
7,9.507,133.15
7,9.541,133.33
7,9.577,133.57
7,9.611,133.87
7,9.645,134.22
7,9.679,134.87
7,9.712,134.86
7,9.746,135.22
7,9.780,135.08
7,9.813,134.77
7,9.849,134.27
7,9.884,133.53
7,9.919,132.23
7,9.953,130.33
7,9.988,128.25
7,10.022,127.26
7,10.055,127.12
7,10.088,127.42
7,10.123,127.65
7,10.159,128.13
7,10.193,128.28
7,10.227,128.28
7,10.262,128.09
7,10.298,127.98
7,10.333,127.43
7,10.368,155.30
7,10.401,155.53
7,10.436,155.70
7,10.471,155.87
7,10.505,156.12
7,10.538,156.21
7,10.572,156.25
7,10.605,156.25
7,10.641,156.32
7,10.675,156.33
7,10.709,156.35
7,10.744,156.34
7,10.777,156.27
7,10.810,156.18
7,10.844,156.09
7,10.878,156.01
7,10.912,155.92
7,10.946,155.85
7,10.980,155.85
7,11.015,155.74
7,11.050,155.71
7,11.085,155.70
7,11.119,155.66
7,11.153,155.60
7,11.186,155.57
7,11.219,155.55
7,11.252,155.55
7,11.286,155.54
7,11.319,155.57
7,11.353,155.60
7,11.387,155.65
7,11.422,155.72
7,11.455,155.79
7,11.490,155.85
7,11.523,155.88
7,11.557,155.94
7,11.591,156.01
7,11.625,156.06
7,11.658,156.05
7,11.694,156.01
7,11.729,155.93
7,11.763,155.81
7,11.797,155.69
7,11.830,155.56
7,11.865,155.44
7,11.900,155.28
7,11.935,155.11
7,11.968,154.98
7,12.002,154.88
7,12.036,154.74
7,12.070,154.59
7,12.105,154.17
7,12.141,153.96
7,12.175,153.96
7,12.210,153.75
7,12.245,153.51
7,12.278,153.28
7,12.313,152.64
7,12.347,152.30
7,12.383,152.05
7,12.417,151.82
7,12.450,151.66
7,12.483,151.54
7,12.516,151.48
7,12.550,151.46
7,12.585,151.50
7,12.619,151.57
7,12.654,151.61
7,12.689,151.56
7,12.723,151.46
7,12.758,151.37
7,12.793,151.34
7,12.827,151.40
7,12.863,151.41
7,12.897,151.39
7,12.930,151.41
7,12.964,151.46
7,12.998,151.54
7,13.033,151.64
7,13.066,151.74
7,13.101,151.81
7,13.136,151.88
7,13.170,151.95
7,13.204,152.02
7,13.238,152.08
7,13.273,152.21
7,13.306,152.21
7,13.340,152.26
7,13.373,152.26
7,13.406,152.22
7,13.440,152.25
7,13.475,152.25
7,13.508,152.25
7,13.542,152.26
7,13.577,152.21
7,13.612,152.21
7,13.646,152.19
7,13.680,152.15
7,13.715,152.04
7,13.750,151.87
7,13.783,151.71
7,13.817,151.58
7,13.849,151.51
7,13.882,151.45
7,13.917,151.41
7,13.952,151.38
7,13.985,151.30
7,14.019,151.13
7,14.052,150.92
7,14.086,150.59
7,14.121,150.21
7,14.155,149.75
7,14.189,149.21
7,14.222,148.52
7,14.256,147.56
7,14.290,146.57
7,14.323,145.60
7,14.357,144.48
7,14.392,143.40
7,14.427,142.17
7,14.464,140.58
7,14.498,137.03
7,14.531,125.69
7,14.565,105.20
7,14.599,85.45
7,14.634,68.64
7,14.669,54.13
7,14.703,41.46
7,14.737,30.51
7,14.771,21.01
7,14.806,12.50
7,14.841,-1.27
7,14.875,-6.76
7,14.910,-11.42
7,14.945,-11.42
7,14.979,-15.39
7,15.014,-18.91
7,15.048,-24.67
7,15.084,-27.11
7,15.120,-29.21
7,15.154,-31.07
7,15.188,-32.80
7,15.222,-34.34
7,15.258,-35.78
7,15.293,-37.05
7,15.328,-38.15
7,15.362,-39.14
7,15.396,-40.04
7,15.430,-40.69
7,15.463,-40.99
7,15.498,-40.89
7,15.532,-40.52
7,15.567,-40.13
7,15.600,-39.73
7,15.635,-39.39
7,15.668,-39.04
7,15.702,-38.79
7,15.738,-38.69
7,15.772,-38.77
7,15.807,-38.99
7,15.841,-39.32
7,15.876,-39.69
7,15.910,-40.00
7,15.945,-40.58
7,15.979,-40.96
7,16.013,-41.36
7,16.047,-41.82
7,16.081,-42.43
7,16.115,-42.99
7,16.148,-42.99
7,16.183,-43.52
7,16.217,-44.09
7,16.250,-44.22
7,16.283,-44.36
7,16.316,-44.51
7,16.349,-44.73
7,16.383,-45.01
7,16.418,-45.39
7,16.451,-45.79
7,16.485,-46.35
7,16.518,-46.95
7,16.553,-47.61
7,16.585,-48.32
7,16.618,-49.10
7,16.654,-49.83
7,16.687,-50.50
7,16.721,-51.15
7,16.754,-51.73
7,16.787,-52.24
7,16.821,-52.66
7,16.855,-53.05
7,16.890,-53.39
7,16.925,-53.59
7,16.959,-53.73
7,16.994,-53.90
7,17.028,-54.01
7,17.061,-54.07
7,17.094,-54.04
7,17.128,-53.99
7,17.163,-53.83
7,17.197,-53.64
7,17.231,-53.44
7,17.266,-53.15
7,17.300,-52.83
7,17.334,-52.46
7,17.369,-52.14
7,17.403,-51.88
7,17.439,-51.68
7,17.473,-51.49
7,17.507,-51.33
7,17.541,-51.16
7,17.576,-50.90
7,17.609,-50.43
7,17.643,-50.20
7,17.676,-50.00
7,17.710,-50.00
7,17.744,-49.80
7,17.779,-49.65
7,17.813,-49.44
7,17.849,-49.13
7,17.883,-49.01
7,17.918,-48.77
7,17.951,-39.27
7,17.985,-39.05
7,18.018,-34.60
7,18.052,-30.72
7,18.086,-26.61
7,18.120,-23.16
7,18.154,-19.89
7,18.187,-17.20
7,18.220,-45.20
7,18.255,-44.89
7,18.289,-44.56
7,18.323,-44.18
7,18.356,-43.81
7,18.389,-43.43
7,18.423,-43.03
7,18.456,-42.55
7,18.490,-41.91
7,18.524,-41.20
7,18.558,-40.45
7,18.591,-39.70
7,18.624,-39.05
7,18.658,-38.50
7,18.692,-37.99
7,18.725,-37.57
7,18.760,-37.23
7,18.796,-36.95
7,18.831,-36.69
7,18.866,-36.47
7,18.901,-36.31
7,18.934,-36.20
7,18.969,-36.11
7,19.003,-35.98
7,19.038,-35.78
7,19.072,-35.59
7,19.106,-35.40
7,19.141,-35.21
7,19.173,-34.97
7,19.207,-34.68
7,19.242,-34.23
7,19.277,-34.26
7,19.310,-34.26
7,19.343,-9.63
7,19.377,-10.82
7,19.412,-12.49
7,19.445,-14.42
7,19.481,-16.95
7,19.514,-19.02
7,19.547,-20.94
7,19.580,-22.73
7,19.614,-24.48
7,19.647,-27.02
7,19.681,-27.22
7,19.717,-27.97
7,19.751,-28.71
7,19.786,-29.38
7,19.820,-29.84
7,19.853,-30.15
7,19.886,-30.58
7,19.919,-30.73
7,19.954,-30.82
7,19.988,-30.97
7,20.022,-31.06
7,20.055,-31.12
7,20.088,-31.19
7,20.122,-31.17
7,20.155,-31.21
7,20.188,-31.30
7,20.223,-31.41
7,20.257,-31.56
7,20.291,-31.71
7,20.324,-31.90
7,20.357,-32.12
7,20.390,-32.39
7,20.424,-32.66
7,20.459,-32.90
7,20.494,-33.05
7,20.528,-33.08
7,20.561,-33.18
7,20.596,-33.26
7,20.630,-33.30
7,20.663,-33.35
7,20.698,-33.30
7,20.733,-33.24
7,20.767,-32.94
7,20.801,-32.83
7,20.835,-32.67
7,20.869,-32.47
7,20.902,-32.25
7,20.937,-32.14
7,20.971,-32.12
7,21.007,-31.84
7,21.040,-31.75
7,21.074,-31.65
7,21.107,-31.57
7,21.142,-31.57
7,21.176,-31.52
7,21.209,-31.49
7,21.244,-31.56
7,21.280,-31.76
7,21.315,-31.96
7,21.349,-32.15
7,21.384,-32.32
7,21.419,-32.45
7,21.454,-32.60
7,21.488,-32.88
7,21.522,-33.04
7,21.555,-33.18
7,21.588,-33.26
7,21.622,-33.48
7,21.656,-33.66
7,21.690,-33.87
7,21.723,-34.12
7,21.756,-34.31
7,21.792,-34.51
7,21.824,-34.62
7,21.858,-34.64
7,21.892,-34.69
7,21.926,-34.94
7,21.959,-35.27
7,21.994,-35.52
7,22.028,-35.64
7,22.062,-35.72
7,22.096,-35.87
7,22.129,-36.01
7,22.163,-36.23
7,22.198,-36.35
7,22.231,-36.33
7,22.265,-52.63
7,22.299,-52.97
7,22.333,-53.36
7,22.368,-53.44
7,22.402,-53.51
7,22.436,-53.76
7,22.471,-54.19
7,22.507,-54.80
7,22.542,-55.80
7,22.576,-57.71
7,22.610,-60.65
7,22.644,-66.85
7,22.678,-76.61
7,22.712,-89.24
7,22.747,-115.67
7,22.781,-127.42
7,22.814,-137.86
7,22.847,-147.13
7,22.881,-147.13
7,22.915,-155.36
7,22.948,-162.71
7,22.982,-169.13
7,23.017,-179.66
7,23.050,176.12
7,23.084,172.42
7,23.118,169.19
7,23.152,166.26
7,23.186,163.71
7,23.219,161.44
7,23.253,159.50
7,23.288,157.86
7,23.323,156.43
7,23.356,155.08
7,23.391,153.80
7,23.425,152.69
7,23.458,151.60
7,23.492,150.46
7,23.526,149.38
7,23.560,148.44
7,23.597,147.58
7,23.632,146.93
7,23.666,146.49
7,23.700,146.28
7,23.734,146.26
7,23.767,146.29
7,23.802,146.35
7,23.835,146.44
7,23.870,146.52
7,23.904,146.60
7,23.939,146.73
7,23.974,146.89
7,24.009,147.30
7,24.043,147.47
7,24.078,147.47
7,24.112,147.63
7,24.146,147.77
7,24.181,147.90
7,24.215,147.99
7,24.250,148.03
7,24.285,148.03
7,24.319,148.05
7,24.353,148.07
7,24.386,148.11
7,24.420,148.15
7,24.453,148.17
7,24.487,148.17
7,24.522,148.33
7,24.555,148.46
7,24.590,148.55
7,24.624,148.61
7,24.658,148.63
7,24.693,148.72
7,24.726,148.73
7,24.761,148.79
7,24.795,148.84
7,24.829,148.93
7,24.863,149.02
7,24.897,149.14
7,24.931,149.23
7,24.965,149.31
7,24.999,149.37
7,25.034,149.43
7,25.068,149.50
7,25.102,149.51
7,25.138,149.54
7,25.174,149.48
7,25.209,149.47
7,25.244,149.42
7,25.280,149.42
7,25.314,149.37
7,25.350,149.36
7,25.384,149.45
7,25.418,149.57
7,25.453,149.71
7,25.487,149.74
7,25.520,149.65
7,25.555,149.50
7,25.588,149.23
7,25.622,148.76
7,25.655,148.76
7,25.689,147.18
7,25.723,146.07
7,25.757,144.97
7,25.791,143.91
7,25.825,142.77
7,25.859,141.62
7,25.893,140.57
7,25.928,139.71
7,25.962,138.97
7,25.996,138.34
7,26.030,137.79
7,26.064,137.44
7,26.097,137.12
7,26.131,136.77
7,26.166,136.41
7,26.199,135.77
7,26.233,134.93
7,26.266,133.57
7,26.300,131.55
7,26.335,128.56
7,26.369,121.13
7,26.402,107.67
7,26.437,90.68
7,26.472,73.75
7,26.508,57.94
7,26.543,43.41
7,26.578,29.79
7,26.612,17.82
7,26.646,7.75
7,26.680,-1.12
7,26.714,-15.95
7,26.747,-22.46
7,26.782,-27.44
7,26.816,-30.58
7,26.851,-30.58
7,26.885,-32.37
7,26.918,-33.71
7,26.952,-34.87
7,26.986,-35.84
7,27.019,-36.26
7,27.052,-36.52
7,27.086,-36.63
7,27.120,-36.72
7,27.154,3.82
7,27.189,3.80
7,27.222,3.69
7,27.256,3.33
7,27.289,3.00
7,27.323,2.62
7,27.357,2.26
7,27.391,1.99
7,27.425,1.79
7,27.459,1.46
7,27.494,0.95
7,27.528,0.29
7,27.562,-0.55
7,27.597,-1.53
7,27.633,-38.89
7,27.668,-2.40
7,27.701,-2.12
7,27.735,-1.73
7,27.770,-1.15
7,27.803,-0.45
7,27.838,0.40
7,27.873,1.29
7,27.908,2.17
7,27.942,3.00
7,27.977,3.75
7,28.010,4.45
7,28.045,4.99
7,28.079,-38.60
7,28.114,-38.76
7,28.148,-38.98
7,28.182,-39.27
7,28.217,-39.89
7,28.251,-40.32
7,28.286,-40.83
7,28.321,-41.47
7,28.355,-42.23
7,28.389,-43.05
7,28.423,-43.05
7,28.456,-44.48
7,28.491,-45.19
7,28.526,-45.95
7,28.560,-46.74
7,28.594,-47.63
7,28.628,-48.52
7,28.662,-49.47
7,28.697,-50.21
7,28.731,-50.86
7,28.765,-51.44
7,28.799,-51.81
7,28.832,-52.12
7,28.866,-52.36
7,28.900,-52.50
7,28.934,-52.57
7,28.970,-52.58
7,29.004,-52.58
7,29.040,-52.51
7,29.073,-52.47
7,29.107,-52.37
7,29.141,-52.30
7,29.176,-52.16
7,29.212,-52.05
7,29.247,-51.82
7,29.282,-51.59
7,29.315,-51.36
7,29.350,-51.13
7,29.383,-50.87
7,29.417,-50.43
7,29.450,-50.22
7,29.484,-50.06
7,29.518,-49.83
7,29.554,-49.61
7,29.587,-49.43
7,29.620,-49.43
7,29.655,-49.18
7,29.689,-48.52
7,29.725,-48.16
7,29.759,-47.87
7,29.793,-47.54
7,29.827,-47.23
7,29.862,-46.93
7,29.897,-46.63
7,29.933,-46.41
7,29.969,-46.19
7,30.003,-46.12
7,30.037,-46.20
7,30.070,-46.41
7,30.104,-46.55
7,30.138,-46.61
7,30.172,-46.53
7,30.207,-46.36
7,30.241,-46.07
7,30.274,3.49
7,30.309,2.46
7,30.342,1.71
7,30.376,0.16
7,30.410,-2.09
7,30.445,-4.47
7,30.479,-9.60
7,30.513,-12.16
7,30.547,-14.58
7,30.581,-14.51
7,30.616,-16.76
7,30.649,-18.85
7,30.684,-20.70
7,30.719,-23.76
7,30.752,-25.03
7,30.786,-26.11
7,30.819,-27.05
7,30.852,-27.89
7,30.885,-28.56
7,30.919,-29.25
7,30.954,-29.90
7,30.988,-30.40
7,31.023,-30.88
7,31.057,-31.33
7,31.092,-31.74
7,31.127,-32.12
7,31.161,-32.46
7,31.196,-32.77
7,31.232,-33.13
7,31.266,-33.43
7,31.301,-33.74
7,31.335,-33.99
7,31.370,-34.24
7,31.405,-34.61
7,31.440,-35.27
7,31.475,-35.69
7,31.508,-36.14
7,31.542,-36.56
7,31.576,-37.21
7,31.610,-37.44
7,31.645,-37.84
7,31.680,-38.16
7,31.716,-38.50
7,31.750,-38.74
7,31.784,-39.10
7,31.817,-39.34
7,31.851,-39.57
7,31.884,-39.76
7,31.918,-39.88
7,31.951,-39.96
7,31.985,-39.87
7,32.019,-39.90
7,32.054,-39.94
7,32.089,-40.09
7,32.124,-40.04
7,32.159,-39.96
7,32.193,-39.67
7,32.226,-39.62
7,32.259,-39.65
7,32.293,-39.74
7,32.328,-39.90
7,32.363,-40.18
7,32.398,-57.18
7,32.432,-57.83
7,32.466,-58.56
7,32.499,-59.28
7,32.533,-59.98
7,32.567,-60.62
7,32.601,-61.23
7,32.635,-61.82
7,32.670,-62.35
7,32.703,-62.87
7,32.736,-63.28
7,32.770,-63.61
7,32.804,-63.91
7,32.837,-64.20
7,32.871,-64.41
7,32.905,-64.58
7,32.941,-64.72
7,32.976,-64.88
7,33.010,-64.95
7,33.045,-65.01
7,33.078,-65.05
7,33.111,-65.05
7,33.146,-65.00
7,33.182,-64.93
7,33.217,-64.87
7,33.251,-64.79
7,33.286,-64.68
7,33.321,-64.50
7,33.354,-64.44
7,33.388,-64.45
7,33.421,-64.44
7,33.455,-64.48
7,33.488,-64.49
7,33.522,-64.48
7,33.556,-64.40
7,33.590,-64.40
7,33.625,-64.24
7,33.659,-64.16
7,33.693,-64.08
7,33.728,-63.95
7,33.762,-63.84
7,33.796,-63.73
7,33.830,-63.63
7,33.863,-63.53
7,33.897,-63.48
7,33.934,-63.47
7,33.969,-63.46
7,34.002,-63.47
7,34.037,-63.48
7,34.072,-63.46
7,34.106,-63.44
7,34.140,-63.42
7,34.175,-63.42
7,34.208,-63.42
7,34.242,-63.40
7,34.277,-63.35
7,34.313,-63.27
7,34.347,-63.24
7,34.380,-63.24
7,34.417,-63.19
7,34.451,-63.14
7,34.485,-63.07
7,34.519,-62.92
7,34.554,-62.49
7,34.589,-62.22
7,34.623,-32.89
7,34.657,-32.51
7,34.690,-61.06
7,34.725,-60.59
7,34.758,-24.07
7,34.792,-23.76
7,34.825,-23.66
7,34.859,-23.71
7,34.894,-24.13
7,34.928,-24.76
7,34.963,-25.62
7,34.996,-26.54
7,35.029,-27.40
7,35.063,-28.14
7,35.098,-28.76
7,35.133,-29.37
7,35.167,-30.03
7,35.201,-30.88
7,35.235,-31.83
7,35.268,-32.87
7,35.301,-33.86
7,35.335,-34.84
7,35.370,-35.81
7,35.404,-36.60
7,35.439,-37.33
7,35.473,-38.53
7,35.506,-38.91
7,35.539,-39.27
7,35.574,-39.60
7,35.607,-58.13
7,35.641,-58.55
7,35.675,-59.01
7,35.708,-59.53
7,35.744,-60.14
7,35.778,-60.79
7,35.812,-61.40
7,35.846,-61.98
7,35.882,-63.10
7,35.915,-63.66
7,35.951,-63.66
7,35.985,-64.16
7,36.018,-64.65
7,36.052,-65.09
7,36.086,-65.44
7,36.120,-66.03
7,36.156,-66.21
7,36.190,-66.37
7,36.224,-66.50
7,36.259,-66.59
7,36.292,-66.62
7,36.326,-66.61
7,36.360,-66.61
7,36.395,-66.49
7,36.429,-66.38
7,36.462,-66.21
7,36.497,-65.99
7,36.530,-65.77
7,36.564,-65.60
7,36.598,-65.50
7,36.632,-65.45
7,36.666,-65.48
7,36.699,-65.53
7,36.733,-65.57
7,36.767,-65.64
7,36.801,-65.67
7,36.835,-65.68
7,36.870,-65.69
7,36.904,-65.63
7,36.938,-65.58
7,36.973,-65.48
7,37.007,-65.39
7,37.042,-65.26
7,37.076,-65.15
7,37.111,-65.00
7,37.146,-64.79
7,37.181,-64.52
7,37.216,-64.23
7,37.250,-63.98
7,37.284,-63.68
7,37.318,-63.38
7,37.352,-63.05
7,37.386,-62.43
7,37.421,-62.43
7,37.455,-61.80
7,37.490,-61.48
7,37.524,-61.20
7,37.558,-61.20
7,37.594,-60.75
7,37.628,-60.52
7,37.661,-60.33
7,37.693,-60.14
7,37.727,-59.94
7,37.761,-59.73
7,37.794,-59.50
7,37.828,-59.27
7,37.863,-59.09
7,37.898,-58.91
7,37.934,-58.70
7,37.968,-58.43
7,38.003,-58.21
7,38.037,-58.02
7,38.071,-57.84
7,38.105,-57.69
7,38.139,-57.67
7,38.175,-57.60
7,38.210,-57.55
7,38.243,-57.57
7,38.277,-57.61
7,38.310,-57.69
7,38.342,-57.73
7,38.376,-57.84
7,38.411,-57.87
7,38.446,-57.95
7,38.482,-58.00
7,38.515,-58.04
7,38.548,-58.08
7,38.583,-58.08
7,38.618,-58.03
7,38.652,-57.97
7,38.686,-57.90
7,38.720,-57.90
7,38.754,-57.86
7,38.788,-57.82
7,38.822,-57.78
7,38.855,-57.73
7,38.889,-57.62
7,38.925,-57.55
7,38.958,-57.46
7,38.993,-57.37
7,39.026,-57.29
7,39.059,-57.23
7,39.093,-57.19
7,39.128,-57.19
7,39.162,-57.15
7,39.196,-57.14
7,39.229,-57.15
7,39.263,-57.21
7,39.297,-57.26
7,39.330,-57.34
7,39.365,-57.42
7,39.399,-57.51
7,39.433,-57.56
7,39.468,-57.59
7,39.502,-57.59
7,39.536,-57.55
7,39.569,-57.48
7,39.602,-57.29
7,39.635,-57.10
7,39.671,-56.85
7,39.706,-56.53
7,39.741,-56.14
7,39.776,-55.70
7,39.811,-55.14
7,39.845,-54.47
7,39.878,-53.76
7,39.913,-53.10
7,39.948,-52.41
7,39.984,-51.76
7,40.018,-51.18
7,40.052,-50.70
7,40.086,-50.38
7,40.121,-49.84
7,40.155,-49.74
7,40.189,-49.72
7,40.224,-49.76
7,40.257,-49.79
7,40.292,-49.93
7,40.326,-49.93
7,40.360,-50.24
7,40.394,-50.42
7,40.430,-50.60
7,40.465,-50.83
7,40.498,-51.13
7,40.531,-51.45
7,40.565,-51.80
7,40.599,-52.15
7,40.633,-52.50
7,40.668,-52.85
7,40.702,-53.19
7,40.735,-53.50
7,40.769,-53.82
7,40.802,-54.13
7,40.836,-54.41
7,40.870,-54.68
7,40.903,-54.91
7,40.937,-55.11
7,40.971,-55.30
7,41.004,-55.46
7,41.038,-55.65
7,41.071,-55.79
7,41.106,-55.97
7,41.139,-56.12
7,41.172,-56.30
7,41.207,-56.39
7,41.241,-56.51
7,41.276,-56.65
7,41.311,-56.74
7,41.347,-56.83
7,41.380,-56.94
7,41.414,-57.01
7,41.449,-57.10
7,41.484,-57.10
7,41.517,-61.39
7,41.552,-60.16
7,41.586,-58.75
7,41.621,-57.05
7,41.655,-55.00
7,41.690,-52.58
7,41.723,-50.14
7,41.757,-47.67
7,41.793,-45.26
7,41.826,-42.98
7,41.860,-40.80
7,41.893,-38.74
7,41.928,-36.97
7,41.962,-35.21
7,41.996,-33.68
7,42.030,-32.28
7,42.065,-30.36
7,42.098,-30.28
7,42.132,-29.42
7,42.166,-28.61
7,42.201,-28.02
7,42.235,-27.49
7,42.268,-26.97
7,42.302,-26.80
7,42.335,-26.75
7,42.369,-26.21
7,42.402,-25.97
7,42.436,-25.83
7,42.470,-25.62
7,42.504,-25.35
7,42.538,-25.02
7,42.573,-24.67
7,42.608,-24.33
7,42.644,-23.99
7,42.677,-23.68
7,42.712,-23.34
7,42.746,-23.08
7,42.780,-22.72
7,42.815,-22.48
7,42.851,-22.19
7,42.885,-22.07
7,42.920,-21.92
7,42.953,-21.88
7,42.988,-21.88
7,43.023,-22.17
7,43.056,-22.64
7,43.090,-22.82
7,43.123,-23.12
7,43.157,-23.46
7,43.191,-23.69
7,43.225,-23.80
7,43.259,-23.76
7,43.292,-23.64
7,43.327,-23.48
7,43.360,-23.22
7,43.393,-53.65
7,43.427,-53.71
7,43.462,-79.07
7,43.495,-78.71
7,43.529,-78.19
7,43.564,-77.29
8,0.002,1.15
8,0.035,1.16
8,0.070,1.22
8,0.105,1.23
8,0.141,1.23
8,0.176,1.23
8,0.209,1.22
8,0.242,1.16
8,0.276,1.17
8,0.309,1.11
8,0.342,1.04
8,0.376,0.96
8,0.409,0.93
8,0.444,0.90
8,0.478,0.87
8,0.512,0.85
8,0.546,0.82
8,0.581,0.82
8,0.614,0.83
8,0.648,0.84
8,0.682,0.86
8,0.717,0.86
8,0.751,0.87
8,0.785,0.91
8,0.820,0.97
8,0.854,0.97
8,0.890,1.00
8,0.924,1.04
8,0.958,1.09
8,0.992,1.14
8,1.027,1.16
8,1.060,1.22
8,1.093,1.24
8,1.127,1.23
8,1.160,1.23
8,1.194,1.20
8,1.228,1.15
8,1.262,1.09
8,1.295,1.05
8,1.328,1.03
8,1.363,1.03
8,1.397,1.04
8,1.431,0.96
8,1.465,0.86
8,1.499,0.70
8,1.533,0.49
8,1.566,0.19
8,1.599,-0.08
8,1.632,-0.36
8,1.666,-0.59
8,1.699,-0.80
8,1.733,-0.96
8,1.766,-1.22
8,1.801,-1.33
8,1.835,-1.43
8,1.869,-1.44
8,1.902,-1.58
8,1.935,-1.73
8,1.969,-1.90
8,2.004,-2.36
8,2.037,-2.51
8,2.070,-2.73
8,2.104,-3.01
8,2.137,-3.06
8,2.172,-3.41
8,2.205,-3.94
8,2.239,-4.62
8,2.272,-5.49
8,2.306,-6.51
8,2.341,-7.68
8,2.376,-9.89
8,2.409,-11.35
8,2.442,-12.92
8,2.477,-14.57
8,2.511,-16.31
8,2.546,-18.04
8,2.580,-19.80
8,2.613,-21.65
8,2.648,-23.60
8,2.682,-25.66
8,2.717,-27.75
8,2.751,-29.85
8,2.785,-32.05
8,2.820,-34.36
8,2.854,-36.75
8,2.888,-39.15
8,2.923,-41.63
8,2.959,-44.32
8,2.994,-47.22
8,3.029,-50.29
8,3.064,-54.73
8,3.098,-58.03
8,3.133,-63.54
8,3.168,-67.00
8,3.201,-70.51
8,3.235,-74.00
8,3.269,-77.53
8,3.303,-81.22
8,3.336,-85.12
8,3.370,-86.94
8,3.404,-93.33
8,3.437,-97.36
8,3.473,-101.49
8,3.507,-105.47
8,3.541,-109.19
8,3.574,-113.02
8,3.609,-116.86
8,3.643,-120.99
8,3.676,-125.27
8,3.710,-129.58
8,3.744,-133.65
8,3.778,-137.50
8,3.810,-142.91
8,3.843,-146.14
8,3.876,-148.93
8,3.910,-151.31
8,3.943,-153.11
8,3.976,-154.43
8,4.011,-155.42
8,4.044,-155.90
8,4.079,-156.59
8,4.114,-156.86
8,4.147,-155.89
8,4.181,-155.04
8,4.215,-150.25
8,4.248,-144.81
8,4.283,-138.01
8,4.318,-130.56
8,4.353,-123.03
8,4.387,-115.69
8,4.422,-108.80
8,4.455,-102.51
8,4.490,-96.84
8,4.524,-91.83
8,4.558,-87.41
8,4.592,-83.51
8,4.628,-80.12
8,4.662,-75.94
8,4.697,-74.51
8,4.731,-72.24
8,4.766,-69.33
8,4.799,-67.81
8,4.834,-66.58
8,4.867,-65.61
8,4.900,-64.70
8,4.935,-64.60
8,4.969,-64.30
8,5.002,-64.21
8,5.036,-64.27
8,5.070,-64.42
8,5.103,-64.61
8,5.137,-64.81
8,5.170,-64.97
8,5.204,-65.08
8,5.238,-65.11
8,5.271,-65.12
8,5.306,-65.14
8,5.340,-65.14
8,5.373,-65.11
8,5.406,-65.07
8,5.440,-65.02
8,5.474,-64.93
8,5.508,-64.86
8,5.542,-64.74
8,5.576,-64.61
8,5.610,-64.44
8,5.645,-64.26
8,5.679,-64.01
8,5.712,-63.76
8,5.746,-63.45
8,5.780,-63.18
8,5.814,-62.71
8,5.848,-62.31
8,5.882,-61.83
8,5.916,-61.37
8,5.950,-60.85
8,5.983,-60.59
8,6.018,-60.06
8,6.052,-59.23
8,6.085,-58.74
8,6.119,-58.29
8,6.152,-57.84
8,6.186,-57.34
8,6.219,-56.74
8,6.253,-56.06
8,6.286,-55.23
8,6.321,-54.26
8,6.354,-53.13
8,6.388,-51.86
8,6.423,-50.34
8,6.458,-48.68
8,6.493,-45.87
8,6.526,-45.14
8,6.559,-43.24
8,6.594,-41.33
8,6.629,-39.41
8,6.665,-37.43
8,6.700,-34.35
8,6.734,-32.35
8,6.767,-30.35
8,6.801,-28.43
8,6.835,-26.52
8,6.869,-23.44
8,6.903,-21.48
8,6.937,-20.21
8,6.970,-18.20
8,7.005,-15.54
8,7.038,-13.44
8,7.072,-11.38
8,7.106,-9.20
8,7.140,-6.94
8,7.173,-4.59
8,7.207,-2.14
8,7.242,0.50
8,7.277,3.25
8,7.310,6.27
8,7.343,9.37
8,7.377,12.58
8,7.410,15.80
8,7.444,19.06
8,7.479,22.23
8,7.512,25.27
8,7.545,28.10
8,7.580,30.71
8,7.614,33.10
8,7.648,35.30
8,7.682,37.37
8,7.715,39.26
8,7.750,41.88
8,7.784,43.36
8,7.818,44.74
8,7.852,46.00
8,7.885,47.10
8,7.920,47.56
8,7.955,48.94
8,7.990,49.70
8,8.024,50.37
8,8.059,51.00
8,8.093,51.53
8,8.127,52.02
8,8.161,52.44
8,8.196,52.80
8,8.230,53.10
8,8.265,53.33
8,8.298,53.56
8,8.333,53.84
8,8.367,53.97
8,8.401,54.10
8,8.435,54.25
8,8.468,54.34
8,8.503,54.33
8,8.536,54.41
8,8.571,54.49
8,8.606,54.60
8,8.640,54.64
8,8.673,54.67
8,8.708,54.69
8,8.744,54.70
8,8.778,54.70
8,8.812,54.60
8,8.846,54.42
8,8.880,54.09
8,8.915,53.56
8,8.948,52.94
8,8.981,52.27
8,9.014,51.50
8,9.049,50.66
8,9.084,49.67
8,9.119,48.56
8,9.153,47.40
8,9.188,46.25
8,9.222,45.15
8,9.256,44.19
8,9.290,43.42
8,9.323,42.74
8,9.358,42.12
8,9.393,41.58
8,9.427,40.91
8,9.461,40.68
8,9.495,40.11
8,9.530,39.74
8,9.564,39.16
8,9.598,38.78
8,9.631,38.45
8,9.665,38.13
8,9.700,38.01
8,9.733,37.71
8,9.767,37.43
8,9.802,37.15
8,9.836,36.65
8,9.870,36.39
8,9.903,36.18
8,9.937,35.97
8,9.971,35.80
8,10.004,35.65
8,10.038,35.49
8,10.071,35.35
8,10.107,35.33
8,10.140,35.06
8,10.174,34.93
8,10.208,34.83
8,10.242,34.76
8,10.276,34.71
8,10.309,34.64
8,10.342,34.58
8,10.375,34.55
8,10.410,34.51
8,10.444,34.49
8,10.478,34.51
8,10.513,34.56
8,10.545,34.57
8,10.580,0.07
8,10.614,0.13
8,10.648,0.25
8,10.681,0.38
8,10.715,0.49
8,10.748,0.58
8,10.782,0.68
8,10.817,0.78
8,10.850,0.87
8,10.884,0.97
8,10.919,1.08
8,10.953,1.24
8,10.987,1.39
8,11.022,1.49
8,11.056,1.59
8,11.090,1.74
8,11.124,1.91
8,11.160,2.07
8,11.194,2.21
8,11.228,2.38
8,11.263,2.52
8,11.298,2.63
8,11.333,2.77
8,11.366,2.83
8,11.400,2.91
8,11.435,3.04
8,11.468,3.20
8,11.501,3.33
8,11.536,3.50
8,11.569,3.62
8,11.604,3.78
8,11.639,3.88
8,11.674,3.95
8,11.708,4.07
8,11.742,4.17
8,11.777,4.25
8,11.810,4.32
8,11.843,4.37
8,11.876,4.44
8,11.910,4.50
8,11.945,4.62
8,11.979,4.72
8,12.012,4.78
8,12.047,4.79
8,12.081,4.82
8,12.114,4.85
8,12.148,4.93
8,12.182,4.93
8,12.217,4.93
8,12.251,4.96
8,12.286,5.02
8,12.319,5.03
8,12.354,5.04
8,12.388,5.03
8,12.421,4.92
8,12.455,4.79
8,12.489,4.67
8,12.522,4.53
8,12.556,4.35
8,12.591,4.15
8,12.625,3.98
8,12.659,3.82
8,12.693,3.68
8,12.727,3.55
8,12.762,3.40
8,12.796,3.23
8,12.830,3.00
8,12.863,2.76
8,12.898,2.51
8,12.932,1.83
8,12.966,1.28
8,13.000,0.56
8,13.034,0.50
8,13.070,-0.57
8,13.104,-1.58
8,13.138,-2.65
8,13.171,-4.85
8,13.204,-6.20
8,13.238,-7.75
8,13.271,-9.21
8,13.305,-10.99
8,13.339,-12.95
8,13.373,-15.60
8,13.407,-17.98
8,13.440,-20.46
8,13.473,-22.95
8,13.506,-25.40
8,13.540,-27.84
8,13.574,-30.20
8,13.608,-32.55
8,13.641,-34.94
8,13.676,-37.33
8,13.709,-39.59
8,13.742,-41.82
8,13.776,-44.05
8,13.810,-46.28
8,13.843,-48.50
8,13.877,-50.74
8,13.911,-53.08
8,13.945,-55.42
8,13.980,-57.77
8,14.014,-60.18
8,14.048,-62.76
8,14.082,-65.40
8,14.117,-69.73
8,14.151,-72.52
8,14.185,-75.22
8,14.218,-77.84
8,14.251,-80.50
8,14.286,-83.13
8,14.320,-84.19
8,14.355,-86.69
8,14.389,-90.34
8,14.422,-92.51
8,14.457,-94.52
8,14.490,-96.46
8,14.523,-98.29
8,14.556,-100.00
8,14.591,-101.62
8,14.625,-103.13
8,14.659,-104.54
8,14.694,-105.84
8,14.729,-107.00
8,14.763,-108.02
8,14.797,-108.86
8,14.831,-109.62
8,14.867,-110.29
8,14.900,-111.16
8,14.936,-111.38
8,14.972,-112.03
8,15.006,-112.39
8,15.040,-112.71
8,15.073,-112.96
8,15.107,-113.18
8,15.140,-113.43
8,15.174,-113.50
8,15.207,-113.50
8,15.241,-113.54
8,15.276,-113.51
8,15.310,-113.67
8,15.344,-113.74
8,15.377,-113.74
8,15.411,-113.65
8,15.446,-113.51
8,15.479,-113.28
8,15.513,-112.91
8,15.547,-112.45
8,15.583,-111.86
8,15.617,-111.15
8,15.651,-110.23
8,15.686,-108.94
8,15.721,-107.39
8,15.754,-105.67
8,15.787,-103.81
8,15.821,-101.82
8,15.855,-99.71
8,15.891,-97.49
8,15.925,-94.01
8,15.959,-91.89
8,15.994,-89.73
8,16.027,-87.51
8,16.062,-85.22
8,16.097,-82.97
8,16.132,-80.84
8,16.166,-78.85
8,16.202,-76.89
8,16.237,-74.21
8,16.271,-72.17
8,16.306,-70.14
8,16.339,-68.14
8,16.374,-66.14
8,16.410,-64.17
8,16.444,-62.25
8,16.477,-60.39
8,16.512,-58.59
8,16.545,-56.90
8,16.580,-55.29
8,16.614,-52.95
8,16.648,-51.48
8,16.682,-49.90
8,16.714,-48.16
8,16.750,-46.30
8,16.784,-44.39
8,16.819,-42.49
8,16.852,-40.49
8,16.885,-38.44
8,16.919,-36.38
8,16.953,-34.30
8,16.988,-32.27
8,17.022,-30.32
8,17.057,-28.45
8,17.091,-26.65
8,17.124,-24.92
8,17.157,-23.35
8,17.192,-21.89
8,17.225,-20.57
8,17.259,-19.33
8,17.294,-18.15
8,17.328,-17.11
8,17.363,-16.16
8,17.398,-14.88
8,17.431,-14.09
8,17.466,-13.40
8,17.500,-12.46
8,17.534,-12.19
8,17.567,-11.68
8,17.600,-11.20
8,17.635,-10.98
8,17.669,-10.38
8,17.702,-9.99
8,17.736,-9.67
8,17.771,-9.37
8,17.805,-9.01
8,17.839,-8.82
8,17.873,-8.65
8,17.907,-8.50
8,17.941,-8.35
8,17.975,-8.21
8,18.009,-8.12
8,18.042,-8.08
8,18.077,-8.04
8,18.111,-8.01
8,18.145,-7.95
8,18.179,-7.93
8,18.214,-7.89
8,18.248,-7.89
8,18.283,-7.85
8,18.318,-7.86
8,18.352,-7.89
8,18.386,-7.92
8,18.420,-7.94
8,18.453,-7.96
8,18.488,-7.99
8,18.522,-7.99
8,18.555,-7.96
8,18.588,-7.94
8,18.622,-7.86
8,18.656,-7.79
8,18.690,-7.72
8,18.724,-7.67
8,18.757,-7.58
8,18.790,-7.53
8,18.824,-7.42
8,18.857,-7.30
8,18.890,-7.22
8,18.924,-7.13
8,18.958,-7.11
8,18.995,-7.09
8,19.028,-7.14
8,19.063,-7.14
8,19.098,-7.26
8,19.132,-7.58
8,19.166,-7.80
8,19.200,-8.09
8,19.234,-8.24
8,19.269,-9.19
8,19.302,-9.95
8,19.337,-10.87
8,19.370,-12.02
8,19.405,-13.40
8,19.438,-14.30
8,19.472,-15.97
8,19.507,-17.79
8,19.541,-21.16
8,19.574,-23.12
8,19.609,-24.55
8,19.644,-26.97
8,19.677,-28.34
8,19.711,-30.68
8,19.744,-32.40
8,19.778,-33.98
8,19.811,-35.50
8,19.845,-36.97
8,19.879,-38.38
8,19.912,-39.67
8,19.946,-40.88
8,19.981,-42.00
8,20.014,-43.08
8,20.048,-44.19
8,20.082,-45.34
8,20.117,-46.51
8,20.150,-47.73
8,20.183,-48.88
8,20.217,-49.99
8,20.251,-51.13
8,20.286,-52.39
8,20.321,-53.81
8,20.356,-56.51
8,20.390,-58.41
8,20.424,-60.43
8,20.458,-62.58
8,20.493,-64.87
8,20.527,-67.31
8,20.561,-69.85
8,20.596,-72.44
8,20.630,-75.02
8,20.665,-77.52
8,20.700,-80.94
8,20.734,-83.32
8,20.768,-85.59
8,20.802,-86.97
8,20.837,-89.09
8,20.871,-91.09
8,20.905,-92.98
8,20.939,-94.74
8,20.974,-96.74
8,21.009,-98.10
8,21.042,-99.41
8,21.076,-101.49
8,21.111,-102.54
8,21.145,-103.57
8,21.179,-104.57
8,21.213,-105.51
8,21.248,-106.35
8,21.281,-107.09
8,21.315,-107.75
8,21.349,-108.32
8,21.383,-108.79
8,21.415,-109.21
8,21.448,-109.59
8,21.482,-109.91
8,21.516,-110.16
8,21.551,-110.39
8,21.585,-110.59
8,21.619,-110.76
8,21.654,-110.92
8,21.687,-111.07
8,21.723,-111.21
8,21.757,-111.33
8,21.792,-111.45
8,21.827,-111.66
8,21.861,-111.67
8,21.895,-111.83
8,21.930,-111.91
8,21.964,-112.01
8,21.998,-112.01
8,22.034,-112.05
8,22.068,-112.06
8,22.101,-112.03
8,22.135,-111.98
8,22.169,-111.87
8,22.203,-111.73
8,22.237,-111.42
8,22.272,-111.17
8,22.306,-110.92
8,22.340,-110.66
8,22.374,-110.37
8,22.407,-110.22
8,22.442,-109.85
8,22.475,-109.45
8,22.510,-108.95
8,22.544,-108.56
8,22.578,-108.15
8,22.612,-107.41
8,22.647,-107.37
8,22.680,-106.77
8,22.714,-105.98
8,22.749,-104.96
8,22.784,-103.70
8,22.819,-101.36
8,22.852,-99.91
8,22.886,-98.49
8,22.919,-96.99
8,22.952,-95.40
8,22.986,-93.71
8,23.021,-91.95
8,23.054,-90.14
8,23.089,-88.33
8,23.123,-86.51
8,23.158,-84.69
8,23.192,-83.02
8,23.226,-81.47
8,23.259,-80.03
8,23.293,-78.54
8,23.327,-76.76
8,23.363,-74.90
8,23.397,-73.03
8,23.432,-71.13
8,23.466,-69.24
8,23.501,-66.69
8,23.537,-64.86
8,23.571,-63.81
8,23.605,-61.32
8,23.638,-59.86
8,23.672,-58.53
8,23.707,-57.34
8,23.741,-55.76
8,23.776,-54.70
8,23.810,-53.65
8,23.844,-52.60
8,23.879,-51.56
8,23.914,-50.45
8,23.948,-49.30
8,23.982,-48.13
8,24.016,-46.92
8,24.051,-45.72
8,24.084,-44.52
8,24.117,-43.31
8,24.151,-41.98
8,24.184,-40.39
8,24.218,-38.66
8,24.252,-36.82
8,24.286,-34.89
8,24.321,-32.95
8,24.355,-29.65
8,24.390,-29.01
8,24.424,-25.66
8,24.457,-23.63
8,24.490,-21.64
8,24.523,-19.65
8,24.557,-19.04
8,24.592,-17.13
8,24.626,-15.26
8,24.661,-12.26
8,24.696,-10.65
8,24.730,-9.24
8,24.763,-7.97
8,24.797,-6.84
8,24.831,-5.86
8,24.865,-5.00
8,24.899,-4.22
8,24.934,-3.53
8,24.967,-2.98
8,25.001,-2.48
8,25.035,-2.07
8,25.070,-1.60
8,25.105,-1.31
8,25.138,-1.07
8,25.172,-0.83
8,25.205,-0.74
8,25.238,-0.62
8,25.273,-0.55
8,25.308,-0.55
8,25.343,-0.51
8,25.378,-0.55
8,25.412,-0.67
8,25.446,-0.74
8,25.480,-0.78
8,25.513,-0.80
8,25.547,-0.82
8,25.580,-0.81
8,25.613,-0.77
8,25.648,-0.74
8,25.681,-0.70
8,25.715,-0.68
8,25.749,-0.67
8,25.784,-0.70
8,25.819,-0.73
8,25.852,-0.74
8,25.885,-0.71
8,25.920,-0.65
8,25.953,-0.61
8,25.986,-0.57
8,26.020,-0.49
8,26.053,-0.40
8,26.086,-0.28
8,26.120,-0.18
8,26.153,-0.05
8,26.188,0.05
8,26.223,0.12
8,26.258,0.16
8,26.293,0.26
8,26.327,0.29
8,26.360,0.33
8,26.395,0.40
8,26.428,0.53
8,26.462,0.69
8,26.496,0.80
8,26.531,0.98
8,26.565,1.13
8,26.600,1.28
8,26.634,1.42
8,26.668,1.74
8,26.702,1.93
8,26.736,2.02
8,26.770,2.22
8,26.804,2.37
8,26.838,2.48
8,26.873,2.62
8,26.907,2.75
8,26.941,2.84
8,26.975,2.94
8,27.009,3.05
8,27.043,3.14
8,27.077,3.36
